"studentId","admissionNumber","rollNumber","firstName","lastName","gender","dateOfBirth","age","class","section","bloodGroup","religion","nationality","fatherName","motherName","guardianName","parentMobileNumber","parentEmail","completeAddress","city","province","postalCode","admissionDate","attendancePercentage","subjectWiseMarks.English","subjectWiseMarks.Urdu","subjectWiseMarks.Mathematics","subjectWiseMarks.General Knowledge","subjectWiseMarks.General Science","subjectWiseMarks.Social Studies","subjectWiseMarks.History_Geography","subjectWiseMarks.Computer Education","subjectWiseMarks.Physics","subjectWiseMarks.Chemistry","subjectWiseMarks.Biology","subjectWiseMarks.Computer Science","subjectWiseMarks.Pakistan Studies","subjectWiseMarks.Islamiat","subjectWiseMarks.Ethics","totalMarksObtained","maxPossibleMarks","percentage","grade","passFailStatus","feeStatus","transport","hostel","medicalNotes","username","password","createdAt","updatedAt"
"STD964718","ADM444302", 1,"Hussain","Zaidi","Male","2020-07-08", 6,"Class 1","A","AB+","Islam","Pakistani","Bilal Zaidi","Rimsha Zaidi","Bilal Zaidi","+923011545145","bilalzaidi90@gmail.com","House No. 343, Street 6, Gulberg","Lahore","Punjab","54000","2026-04-05","61%",63,76,63,99,NA,NA,NA,NA,NA,NA,NA,NA,NA,42,NA,343,500,68.60,"B","Pass","Paid","Self","No","No medical conditions.","hussain.zaidi","X8hUmS#903","2026-07-16T19:18:36.282Z","2026-07-16T19:18:36.283Z"
"STD330088","ADM640647", 2,"Sidra","Malik","Female","2020-07-07", 6,"Class 1","A","A+","Christianity","Pakistani","Arsalan Malik","Sidra Malik","Arsalan Malik","+923211192516","arsalanmalik48@gmail.com","House No. 34, Lane 2, DHA Phase 5","Lahore","Punjab","54000","2026-04-05","93%",48,100,44,94,NA,NA,NA,NA,NA,NA,NA,NA,NA,NA,47,333,500,66.60,"B","Pass","Paid","Self","No","Wears corrective lenses/glasses.","sidra.malik","bKChsm5ur4","2026-07-16T19:18:36.283Z","2026-07-16T19:18:36.283Z"
"STD867939","ADM315617", 3,"Wajiha","Sheikh","Female","2020-12-21", 6,"Class 1","A","B+","Islam","Pakistani","Shahzaib Sheikh","Zainab Sheikh","Shahzaib Sheikh","+923216629868","shahzaibsheikh90@gmail.com","House No. 65, Lane 6, Gulistan Colony","Faisalabad","Punjab","38000","2026-04-05","85%",67,34,96,70,NA,NA,NA,NA,NA,NA,NA,NA,NA,43,NA,310,500,62.00,"B","Pass","Paid","School Van","No","No known medical conditions or allergies.","wajiha.sheikh","L@KjEPEM9h","2026-07-16T19:18:36.283Z","2026-07-16T19:18:36.283Z"
"STD579783","ADM389729", 4,"Muhammad","Naqvi","Male","2019-07-10", 7,"Class 1","A","O+","Islam","Pakistani","Bilal Naqvi","Rimsha Naqvi","Saad Naqvi","+923122154290","bilalnaqvi69@gmail.com","House No. 400, Avenue 4, Gulshan-e-Iqbal","Karachi","Sindh","74200","2026-04-05","79%",48,50,51,43,NA,NA,NA,NA,NA,NA,NA,NA,NA,75,NA,267,500,53.40,"C","Pass","Paid","Self","No","Mild dust allergy.","muhammad.naqvi","ReiqcQitgO","2026-07-16T19:18:36.284Z","2026-07-16T19:18:36.284Z"
"STD934242","ADM453663", 5,"Zainab","Zaidi","Female","2020-07-02", 6,"Class 1","A","A+","Islam","Pakistani","Zain Zaidi","Sara Zaidi","Zain Zaidi","+923023958438","zainzaidi26@gmail.com","House No. 377, Avenue 15, Federal B Area","Karachi","Sindh","74200","2026-04-05","92%",35,88,88,34,NA,NA,NA,NA,NA,NA,NA,NA,NA,58,NA,303,500,60.60,"B","Pass","Paid","Self","No","Mild dust allergy.","zainab.zaidi","3WP2vASriw","2026-07-16T19:18:36.284Z","2026-07-16T19:18:36.284Z"
"STD867365","ADM459468", 6,"Nida","Butt","Female","2019-05-20", 7,"Class 1","A","B-","Islam","Pakistani","Shahzaib Butt","Mariam Butt","Shahzaib Butt","+923122132339","shahzaibbutt85@gmail.com","House No. 165, Street 7, Chaklala Scheme III","Rawalpindi","Punjab","46000","2026-04-05","97%",86,47,66,45,NA,NA,NA,NA,NA,NA,NA,NA,NA,98,NA,342,500,68.40,"B","Pass","Paid","School Van","No","Allergic to penicillin.","nida.butt","K0Z9DErf#J","2026-07-16T19:18:36.284Z","2026-07-16T19:18:36.284Z"
"STD406532","ADM013373", 7,"Junaid","Siddiqui","Male","2020-11-14", 6,"Class 1","A","B-","Christianity","Pakistani","Bilal Siddiqui","Kiran Siddiqui","Bilal Siddiqui","+923012081532","bilalsiddiqui80@gmail.com","House No. 193, Road 4, Samungli Road","Quetta","Balochistan","87300","2026-04-05","60%",38,94,57,60,NA,NA,NA,NA,NA,NA,NA,NA,NA,NA,44,293,500,58.60,"C","Pass","Paid","Self","No","Allergic to peanuts.","junaid.siddiqui","IV#R1Cgr#z","2026-07-16T19:18:36.284Z","2026-07-16T19:18:36.284Z"
"STD019241","ADM371598", 8,"Abdullah","Abbasi","Male","2020-10-11", 6,"Class 1","A","AB-","Islam","Pakistani","Adnan Abbasi","Amna Abbasi","Adnan Abbasi","+923455252012","adnanabbasi46@gmail.com","House No. 211, Road 7, Adyala Road","Rawalpindi","Punjab","46000","2026-04-05","92%",54,75,39,43,NA,NA,NA,NA,NA,NA,NA,NA,NA,83,NA,294,500,58.80,"C","Pass","Unpaid","School Van","No","Mild seasonal asthma; carries inhaler.","abdullah.abbasi","m1pJkTbW6x","2026-07-16T19:18:36.284Z","2026-07-16T19:18:36.284Z"
"STD547727","ADM046680", 9,"Zainab","Raza","Female","2019-09-11", 7,"Class 1","A","B-","Islam","Pakistani","Fahad Raza","Sara Raza","Fahad Raza","+923216467509","fahadraza23@gmail.com","House No. 350, Road 1, Saddar","Hyderabad","Sindh","71000","2026-04-05","66%",85,63,72,35,NA,NA,NA,NA,NA,NA,NA,NA,NA,50,NA,305,500,61.00,"B","Pass","Paid","School Van","No","No medical conditions.","zainab.raza","p!gwl0@zQq","2026-07-16T19:18:36.284Z","2026-07-16T19:18:36.284Z"
"STD756449","ADM993519",10,"Fahad","Mughal","Male","2020-03-09", 6,"Class 1","A","B-","Christianity","Pakistani","Saad Mughal","Mariam Mughal","Saad Mughal","+923122418038","saadmughal95@gmail.com","House No. 315, Street 14, Citizen Colony","Hyderabad","Sindh","71000","2026-04-05","61%",37,91,75,78,NA,NA,NA,NA,NA,NA,NA,NA,NA,NA,71,352,500,70.40,"A","Pass","Unpaid","School Van","No","Allergic to penicillin.","fahad.mughal","tM5kGpZUHX","2026-07-16T19:18:36.284Z","2026-07-16T19:18:36.284Z"
"STD762045","ADM118157",11,"Fatima","Abbasi","Female","2020-03-21", 6,"Class 1","B","AB-","Islam","Pakistani","Ali Abbasi","Zainab Abbasi","Ali Abbasi","+923459621656","aliabbasi31@gmail.com","House No. 118, Street 13, E-11","Islamabad","Islamabad Capital Territory","44000","2026-04-05","69%",91,90,51,49,NA,NA,NA,NA,NA,NA,NA,NA,NA,81,NA,362,500,72.40,"A","Pass","Paid","Self","No","Mild dust allergy.","fatima.abbasi","#5WtdcCB5k","2026-07-16T19:18:36.284Z","2026-07-16T19:18:36.284Z"
"STD798453","ADM585518",12,"Areeba","Malik","Female","2020-11-06", 6,"Class 1","B","B+","Islam","Pakistani","Muhammad Malik","Bushra Malik","Muhammad Malik","+923129308513","muhammadmalik13@gmail.com","House No. 477, Lane 15, Gulgasht Colony","Multan","Punjab","60000","2026-04-05","75%",40,53,68,48,NA,NA,NA,NA,NA,NA,NA,NA,NA,42,NA,251,500,50.20,"C","Pass","Paid","School Van","No","Allergic to penicillin.","areeba.malik","HRb$OX8N@I","2026-07-16T19:18:36.284Z","2026-07-16T19:18:36.284Z"
"STD760576","ADM310553",13,"Saba","Ahmed","Female","2019-01-28", 7,"Class 1","B","O+","Hinduism","Pakistani","Fahad Ahmed","Sumaira Ahmed","Fahad Ahmed","+923014851993","fahadahmed32@gmail.com","House No. 114, Street 3, Saddar","Hyderabad","Sindh","71000","2026-04-05","77%",90,84,76,42,NA,NA,NA,NA,NA,NA,NA,NA,NA,NA,37,329,500,65.80,"B","Pass","Unpaid","Self","No","Allergic to peanuts.","saba.ahmed","jPjd#Kis4Z","2026-07-16T19:18:36.284Z","2026-07-16T19:18:36.284Z"
"STD660894","ADM782059",14,"Hussain","Yousafzai","Male","2020-03-23", 6,"Class 1","B","A-","Islam","Pakistani","Junaid Yousafzai","Khadija Yousafzai","Junaid Yousafzai","+923021617436","junaidyousafzai78@gmail.com","House No. 136, Avenue 8, Batala Colony","Faisalabad","Punjab","38000","2026-04-05","97%",100,66,94,62,NA,NA,NA,NA,NA,NA,NA,NA,NA,91,NA,413,500,82.60,"A+","Pass","Paid","Self","No","Wears corrective lenses/glasses.","hussain.yousafzai","s$TtnjkKn5","2026-07-16T19:18:36.284Z","2026-07-16T19:18:36.284Z"
"STD335026","ADM993026",15,"Zain","Chaudhry","Male","2020-07-23", 6,"Class 1","B","AB-","Hinduism","Pakistani","Daniyal Chaudhry","Alisha Chaudhry","Daniyal Chaudhry","+923454162898","daniyalchaudhry17@gmail.com","House No. 86, Street 3, North Nazimabad","Karachi","Sindh","74200","2026-04-05","82%",57,51,100,52,NA,NA,NA,NA,NA,NA,NA,NA,NA,NA,74,334,500,66.80,"B","Pass","Paid","Self","No","Allergic to peanuts.","zain.chaudhry","Fa5hWGQkDS","2026-07-16T19:18:36.284Z","2026-07-16T19:18:36.284Z"
"STD772041","ADM894979",16,"Yasir","Malik","Male","2019-12-28", 7,"Class 1","B","B-","Islam","Pakistani","Hassan Malik","Ayesha Malik","Hassan Malik","+923001699839","hassanmalik72@gmail.com","House No. 460, Road 15, Peshawar Cantt","Peshawar","Khyber Pakhtunkhwa","25000","2026-04-05","78%",45,81,50,74,NA,NA,NA,NA,NA,NA,NA,NA,NA,55,NA,305,500,61.00,"B","Pass","Paid","School Van","No","No known medical conditions or allergies.","yasir.malik","W8DkDuLiQk","2026-07-16T19:18:36.284Z","2026-07-16T19:18:36.284Z"
"STD898714","ADM374902",17,"Fatima","Hashmi","Female","2020-04-16", 6,"Class 1","B","B-","Islam","Pakistani","Saad Hashmi","Amna Hashmi","Saad Hashmi","+923452488764","saadhashmi90@gmail.com","House No. 58, Lane 8, Samungli Road","Quetta","Balochistan","87300","2026-04-05","88%",67,62,71,78,NA,NA,NA,NA,NA,NA,NA,NA,NA,65,NA,343,500,68.60,"B","Pass","Paid","School Van","No","No medical conditions.","fatima.hashmi","Zs2WUyRMWn","2026-07-16T19:18:36.284Z","2026-07-16T19:18:36.284Z"
"STD476996","ADM306697",18,"Zain","Zaidi","Male","2019-12-02", 7,"Class 1","B","A+","Christianity","Pakistani","Raza Zaidi","Bushra Zaidi","Raza Zaidi","+923454345709","razazaidi65@gmail.com","House No. 68, Sector-Street 15, Madina Town","Faisalabad","Punjab","38000","2026-04-05","86%",45,67,83,73,NA,NA,NA,NA,NA,NA,NA,NA,NA,NA,87,355,500,71.00,"A","Pass","Paid","Self","No","No known medical conditions or allergies.","zain.zaidi","TMkQE0gDr7","2026-07-16T19:18:36.284Z","2026-07-16T19:18:36.284Z"
"STD514002","ADM438967",19,"Waqas","Farooqi","Male","2020-10-06", 6,"Class 1","B","O+","Christianity","Pakistani","Faisal Farooqi","Tayyaba Farooqi","Faisal Farooqi","+923337240823","faisalfarooqi98@gmail.com","House No. 347, Sector-Street 7, Ring Road","Peshawar","Khyber Pakhtunkhwa","25000","2026-04-05","69%",74,44,75,78,NA,NA,NA,NA,NA,NA,NA,NA,NA,NA,63,334,500,66.80,"B","Pass","Unpaid","Self","No","Mild seasonal asthma; carries inhaler.","waqas.farooqi","cN!fp5JJhN","2026-07-16T19:18:36.284Z","2026-07-16T19:18:36.284Z"
"STD682168","ADM673057",20,"Kiran","Abbasi","Female","2020-08-17", 6,"Class 1","B","A+","Christianity","Pakistani","Daniyal Abbasi","Saba Abbasi","Daniyal Abbasi","+923025671288","daniyalabbasi13@gmail.com","House No. 150, Avenue 6, People's Colony","Faisalabad","Punjab","38000","2026-04-05","99%",74,37,100,71,NA,NA,NA,NA,NA,NA,NA,NA,NA,NA,33,315,500,63.00,"B","Pass","Paid","Self","No","No medical conditions.","kiran.abbasi","b$G8KMA6KW","2026-07-16T19:18:36.285Z","2026-07-16T19:18:36.285Z"
"STD358743","ADM856358",21,"Omar","Hashmi","Male","2020-10-21", 6,"Class 1","C","O-","Islam","Pakistani","Asad Hashmi","Fatima Hashmi","Asad Hashmi","+923459900159","asadhashmi79@gmail.com","House No. 282, Road 5, Shah Rukn-e-Alam","Multan","Punjab","60000","2026-04-05","71%",76,75,64,55,NA,NA,NA,NA,NA,NA,NA,NA,NA,42,NA,312,500,62.40,"B","Pass","Paid","Self","No","Mild seasonal asthma; carries inhaler.","omar.hashmi","CWaS$vGvrI","2026-07-16T19:18:36.285Z","2026-07-16T19:18:36.285Z"
"STD446475","ADM235078",22,"Kiran","Siddiqui","Female","2020-05-25", 6,"Class 1","C","AB+","Islam","Pakistani","Muhammad Siddiqui","Javerya Siddiqui","Asad Siddiqui","+923334311396","muhammadsiddiqui16@gmail.com","House No. 255, Street 10, Model Town","Lahore","Punjab","54000","2026-04-05","76%",87,75,74,94,NA,NA,NA,NA,NA,NA,NA,NA,NA,53,NA,383,500,76.60,"A","Pass","Unpaid","Self","No","No medical conditions.","kiran.siddiqui","uYAXdqLN@h","2026-07-16T19:18:36.285Z","2026-07-16T19:18:36.285Z"
"STD107587","ADM792986",23,"Hussain","Naqvi","Male","2019-08-09", 7,"Class 1","C","B-","Islam","Pakistani","Hassan Naqvi","Areeba Naqvi","Hassan Naqvi","+923337256230","hassannaqvi82@gmail.com","House No. 284, Sector-Street 12, Sector I-8","Islamabad","Islamabad Capital Territory","44000","2026-04-05","71%",58,82,81,44,NA,NA,NA,NA,NA,NA,NA,NA,NA,81,NA,346,500,69.20,"B","Pass","Paid","Self","No","Mild dust allergy.","hussain.naqvi","PBP$DEnwqj","2026-07-16T19:18:36.285Z","2026-07-16T19:18:36.285Z"
"STD585038","ADM146671",24,"Ali","Butt","Male","2020-07-23", 6,"Class 1","C","AB+","Islam","Pakistani","Haris Butt","Sadia Butt","Haris Butt","+923011197059","harisbutt79@gmail.com","House No. 453, Lane 4, Shah Rukn-e-Alam","Multan","Punjab","60000","2026-04-05","70%",50,51,55,50,NA,NA,NA,NA,NA,NA,NA,NA,NA,41,NA,247,500,49.40,"D","Pass","Unpaid","School Van","No","Allergic to peanuts.","ali.butt","Fz4!Z8DJf3","2026-07-16T19:18:36.285Z","2026-07-16T19:18:36.285Z"
"STD588985","ADM381352",25,"Omar","Naqvi","Male","2020-11-04", 6,"Class 1","C","A+","Islam","Pakistani","Fahad Naqvi","Sumaira Naqvi","Fahad Naqvi","+923457139254","fahadnaqvi55@gmail.com","House No. 37, Street 5, DHA Phase 5","Lahore","Punjab","54000","2026-04-05","93%",43,42,60,61,NA,NA,NA,NA,NA,NA,NA,NA,NA,73,NA,279,500,55.80,"C","Pass","Paid","School Van","No","Mild seasonal asthma; carries inhaler.","omar.naqvi","zwaSgM!c7v","2026-07-16T19:18:36.285Z","2026-07-16T19:18:36.285Z"
"STD309187","ADM904322",26,"Bushra","Khan","Female","2020-01-22", 6,"Class 1","C","O-","Christianity","Pakistani","Hassan Khan","Sadia Khan","Hassan Khan","+923458622802","hassankhan28@gmail.com","House No. 229, Street 15, Peshawar Cantt","Peshawar","Khyber Pakhtunkhwa","25000","2026-04-05","80%",99,39,99,100,NA,NA,NA,NA,NA,NA,NA,NA,NA,NA,70,407,500,81.40,"A+","Pass","Unpaid","Self","No","Allergic to peanuts.","bushra.khan","i4o@MMSPnn","2026-07-16T19:18:36.285Z","2026-07-16T19:18:36.285Z"
"STD811604","ADM322887",27,"Rimsha","Shah","Female","2020-11-09", 6,"Class 1","C","AB+","Islam","Pakistani","Talha Shah","Amna Shah","Talha Shah","+923013702119","talhashah22@gmail.com","House No. 340, Sector-Street 10, Samanabad","Faisalabad","Punjab","38000","2026-04-05","69%",97,34,80,71,NA,NA,NA,NA,NA,NA,NA,NA,NA,81,NA,363,500,72.60,"A","Pass","Paid","Self","No","Wears corrective lenses/glasses.","rimsha.shah","sgOU#HpUw7","2026-07-16T19:18:36.285Z","2026-07-16T19:18:36.285Z"
"STD104797","ADM539819",28,"Ahmed","Malik","Male","2020-11-27", 6,"Class 1","C","B-","Hinduism","Pakistani","Ali Malik","Sana Malik","Ali Malik","+923015998858","alimalik88@gmail.com","House No. 14, Sector-Street 14, PECHS","Karachi","Sindh","74200","2026-04-05","78%",59,84,40,89,NA,NA,NA,NA,NA,NA,NA,NA,NA,NA,77,349,500,69.80,"B","Pass","Unpaid","Self","No","Allergic to penicillin.","ahmed.malik","WFGZoDgWmO","2026-07-16T19:18:36.285Z","2026-07-16T19:18:36.285Z"
"STD485587","ADM613012",29,"Saad","Zaidi","Male","2019-10-03", 7,"Class 1","C","O-","Islam","Pakistani","Zeeshan Zaidi","Sidra Zaidi","Zain Zaidi","+923216750883","zeeshanzaidi46@gmail.com","House No. 234, Sector-Street 1, Iqbal Town","Lahore","Punjab","54000","2026-04-05","65%",82,55,88,76,NA,NA,NA,NA,NA,NA,NA,NA,NA,46,NA,347,500,69.40,"B","Pass","Paid","School Van","No","Allergic to penicillin.","saad.zaidi","4DoQ3SbYmm","2026-07-16T19:18:36.285Z","2026-07-16T19:18:36.285Z"
"STD645096","ADM997220",30,"Sadia","Ahmed","Female","2020-03-11", 6,"Class 1","C","A-","Christianity","Pakistani","Daniyal Ahmed","Sana Ahmed","Daniyal Ahmed","+923458238328","daniyalahmed63@gmail.com","House No. 31, Sector-Street 13, Iqbal Town","Lahore","Punjab","54000","2026-04-05","61%",53,49,55,89,NA,NA,NA,NA,NA,NA,NA,NA,NA,NA,87,333,500,66.60,"B","Pass","Paid","School Van","No","Allergic to peanuts.","sadia.ahmed","w#Cl!Izgky","2026-07-16T19:18:36.285Z","2026-07-16T19:18:36.285Z"
"STD917990","ADM230779", 1,"Rimsha","Ali","Female","2019-11-01", 7,"Class 2","A","AB+","Christianity","Pakistani","Kamran Ali","Ushna Ali","Kamran Ali","+923331769819","kamranali95@gmail.com","House No. 54, Road 15, Model Town","Lahore","Punjab","54000","2025-04-05","92%",88,73,35,34,NA,NA,NA,NA,NA,NA,NA,NA,NA,NA,50,280,500,56.00,"C","Pass","Paid","School Van","No","No medical conditions.","rimsha.ali","Vb#C0cm#nw","2026-07-16T19:18:36.285Z","2026-07-16T19:18:36.285Z"
"STD514780","ADM084739", 2,"Kamran","Farooqi","Male","2018-07-25", 8,"Class 2","A","B-","Islam","Pakistani","Ahmed Farooqi","Mahnoor Farooqi","Ahmed Farooqi","+923455170022","ahmedfarooqi20@gmail.com","House No. 409, Street 2, Samanabad","Lahore","Punjab","54000","2025-04-05","71%",96,82,58,67,NA,NA,NA,NA,NA,NA,NA,NA,NA,90,NA,393,500,78.60,"A","Pass","Unpaid","Self","No","Wears corrective lenses/glasses.","kamran.farooqi","VajgPfoypJ","2026-07-16T19:18:36.285Z","2026-07-16T19:18:36.285Z"
"STD692576","ADM698131", 3,"Hamza","Yousafzai","Male","2019-07-14", 7,"Class 2","A","B-","Christianity","Pakistani","Bilal Yousafzai","Fiza Yousafzai","Bilal Yousafzai","+923011519786","bilalyousafzai33@gmail.com","House No. 219, Avenue 15, Hayatabad Phase 1","Peshawar","Khyber Pakhtunkhwa","25000","2025-04-05","62%",59,39,39,37,NA,NA,NA,NA,NA,NA,NA,NA,NA,NA,86,260,500,52.00,"C","Pass","Paid","Self","No","No medical conditions.","hamza.yousafzai","Wr29LP#k@X","2026-07-16T19:18:36.285Z","2026-07-16T19:18:36.285Z"
"STD617723","ADM617462", 4,"Saba","Ansari","Female","2018-09-13", 8,"Class 2","A","O+","Islam","Pakistani","Aamir Ansari","Sana Ansari","Aamir Ansari","+923211608787","aamiransari76@gmail.com","House No. 299, Street 12, Satellite Town","Rawalpindi","Punjab","46000","2025-04-05","91%",81,47,44,46,NA,NA,NA,NA,NA,NA,NA,NA,NA,78,NA,296,500,59.20,"C","Pass","Paid","School Van","No","No medical conditions.","saba.ansari","DvLJR9BNUZ","2026-07-16T19:18:36.285Z","2026-07-16T19:18:36.285Z"
"STD501163","ADM545933", 5,"Abdullah","Khan","Male","2019-10-22", 7,"Class 2","A","O+","Islam","Pakistani","Bilal Khan","Nida Khan","Bilal Khan","+923454074983","bilalkhan14@gmail.com","House No. 434, Lane 10, Iqbal Town","Lahore","Punjab","54000","2025-04-05","81%",88,91,88,37,NA,NA,NA,NA,NA,NA,NA,NA,NA,83,NA,387,500,77.40,"A","Pass","Paid","Self","No","Wears corrective lenses/glasses.","abdullah.khan","$lF0FgP0qc","2026-07-16T19:18:36.285Z","2026-07-16T19:18:36.285Z"
"STD871303","ADM243990", 6,"Saad","Chaudhry","Male","2018-01-11", 8,"Class 2","A","AB-","Hinduism","Pakistani","Usman Chaudhry","Mehak Chaudhry","Usman Chaudhry","+923215711806","usmanchaudhry82@gmail.com","House No. 260, Street 10, Bahria Town","Rawalpindi","Punjab","46000","2025-04-05","98%",55,73,67,45,NA,NA,NA,NA,NA,NA,NA,NA,NA,NA,55,295,500,59.00,"C","Pass","Unpaid","Self","No","No known medical conditions or allergies.","saad.chaudhry","SjPuvBZCp4","2026-07-16T19:18:36.285Z","2026-07-16T19:18:36.285Z"
"STD499538","ADM769132", 7,"Mahnoor","Qureshi","Female","2019-07-03", 7,"Class 2","A","O-","Christianity","Pakistani","Omar Qureshi","Areeba Qureshi","Omar Qureshi","+923026206415","omarqureshi95@gmail.com","House No. 91, Road 9, Batala Colony","Faisalabad","Punjab","38000","2025-04-05","85%",96,51,94,92,NA,NA,NA,NA,NA,NA,NA,NA,NA,NA,50,383,500,76.60,"A","Pass","Unpaid","Self","No","Mild dust allergy.","mahnoor.qureshi","GzIBRTbOnW","2026-07-16T19:18:36.285Z","2026-07-16T19:18:36.285Z"
"STD958089","ADM349894", 8,"Tayyaba","Butt","Female","2018-08-28", 8,"Class 2","A","A-","Islam","Pakistani","Bilal Butt","Sumaira Butt","Bilal Butt","+923339225855","bilalbutt64@gmail.com","House No. 49, Avenue 15, Hayatabad Phase 1","Peshawar","Khyber Pakhtunkhwa","25000","2025-04-05","63%",80,72,88,41,NA,NA,NA,NA,NA,NA,NA,NA,NA,98,NA,379,500,75.80,"A","Pass","Paid","Self","No","Mild dust allergy.","tayyaba.butt","W2$$7agqD2","2026-07-16T19:18:36.285Z","2026-07-16T19:18:36.285Z"
"STD469330","ADM525768", 9,"Nida","Abbasi","Female","2018-07-02", 8,"Class 2","A","AB+","Islam","Pakistani","Waqas Abbasi","Mahnoor Abbasi","Waqas Abbasi","+923338925248","waqasabbasi77@gmail.com","House No. 161, Street 6, Sector I-8","Islamabad","Islamabad Capital Territory","44000","2025-04-05","74%",66,37,61,49,NA,NA,NA,NA,NA,NA,NA,NA,NA,74,NA,287,500,57.40,"C","Pass","Paid","Self","No","Mild seasonal asthma; carries inhaler.","nida.abbasi","vyeE8F26KW","2026-07-16T19:18:36.285Z","2026-07-16T19:18:36.285Z"
"STD769700","ADM620284",10,"Laiba","Farooqi","Female","2019-11-03", 7,"Class 2","A","O-","Islam","Pakistani","Usman Farooqi","Fatima Farooqi","Hamza Farooqi","+923121175247","usmanfarooqi88@gmail.com","House No. 421, Lane 2, Boson Road","Multan","Punjab","60000","2025-04-05","99%",58,95,96,47,NA,NA,NA,NA,NA,NA,NA,NA,NA,54,NA,350,500,70.00,"A","Pass","Paid","Self","Yes","Wears corrective lenses/glasses.","laiba.farooqi","Rv72m97ukm","2026-07-16T19:18:36.285Z","2026-07-16T19:18:36.285Z"
"STD642370","ADM983161",11,"Areeba","Chaudhry","Female","2019-08-20", 7,"Class 2","B","B+","Islam","Pakistani","Bilal Chaudhry","Javerya Chaudhry","Yasir Chaudhry","+923212693310","bilalchaudhry82@gmail.com","House No. 131, Lane 6, Citizen Colony","Hyderabad","Sindh","71000","2025-04-05","61%",74,72,45,75,NA,NA,NA,NA,NA,NA,NA,NA,NA,53,NA,319,500,63.80,"B","Pass","Paid","Self","No","Mild seasonal asthma; carries inhaler.","areeba.chaudhry","V0E!IRKvnX","2026-07-16T19:18:36.285Z","2026-07-16T19:18:36.285Z"
"STD051015","ADM963113",12,"Sadia","Siddiqui","Female","2018-04-12", 8,"Class 2","B","B-","Christianity","Pakistani","Arsalan Siddiqui","Sara Siddiqui","Arsalan Siddiqui","+923332814362","arsalansiddiqui57@gmail.com","House No. 308, Road 11, Bani Gala","Islamabad","Islamabad Capital Territory","44000","2025-04-05","95%",33,70,43,83,NA,NA,NA,NA,NA,NA,NA,NA,NA,NA,39,268,500,53.60,"C","Pass","Paid","School Van","No","Mild dust allergy.","sadia.siddiqui","9fnpk4ro6B","2026-07-16T19:18:36.285Z","2026-07-16T19:18:36.285Z"
"STD778678","ADM520403",13,"Bilal","Abbasi","Male","2018-07-02", 8,"Class 2","B","O+","Islam","Pakistani","Zain Abbasi","Tayyaba Abbasi","Zain Abbasi","+923012266637","zainabbasi64@gmail.com","House No. 2, Sector-Street 4, Batala Colony","Faisalabad","Punjab","38000","2025-04-05","74%",57,40,72,42,NA,NA,NA,NA,NA,NA,NA,NA,NA,48,NA,259,500,51.80,"C","Pass","Unpaid","Self","No","Wears corrective lenses/glasses.","bilal.abbasi","I3uJsXFRQF","2026-07-16T19:18:36.285Z","2026-07-16T19:18:36.285Z"
"STD955091","ADM386529",14,"Areeba","Chaudhry","Female","2019-06-16", 7,"Class 2","B","A+","Islam","Pakistani","Asad Chaudhry","Fatima Chaudhry","Asad Chaudhry","+923011387308","asadchaudhry77@gmail.com","House No. 370, Road 2, Sector I-8","Islamabad","Islamabad Capital Territory","44000","2025-04-05","82%",36,97,81,83,NA,NA,NA,NA,NA,NA,NA,NA,NA,77,NA,374,500,74.80,"A","Pass","Paid","School Van","No","Allergic to penicillin.","areeba.chaudhry313","hHuo5OGlvS","2026-07-16T19:18:36.285Z","2026-07-16T19:18:36.285Z"
"STD972087","ADM272926",15,"Kiran","Qureshi","Female","2018-06-27", 8,"Class 2","B","O+","Christianity","Pakistani","Abdullah Qureshi","Sadia Qureshi","Abdullah Qureshi","+923212989899","abdullahqureshi64@gmail.com","House No. 8, Avenue 10, Bahria Town","Rawalpindi","Punjab","46000","2025-04-05","76%",76,93,64,79,NA,NA,NA,NA,NA,NA,NA,NA,NA,NA,75,387,500,77.40,"A","Pass","Paid","School Van","No","No known medical conditions or allergies.","kiran.qureshi","tPTZksW4Mi","2026-07-16T19:18:36.285Z","2026-07-16T19:18:36.285Z"
"STD431026","ADM587438",16,"Faisal","Siddiqui","Male","2019-01-12", 7,"Class 2","B","O-","Hinduism","Pakistani","Ahmed Siddiqui","Fiza Siddiqui","Ahmed Siddiqui","+923453167926","ahmedsiddiqui36@gmail.com","House No. 333, Road 15, University Town","Peshawar","Khyber Pakhtunkhwa","25000","2025-04-05","82%",61,38,42,92,NA,NA,NA,NA,NA,NA,NA,NA,NA,NA,88,321,500,64.20,"B","Pass","Paid","School Van","No","Allergic to penicillin.","faisal.siddiqui","2tYjkWl@5K","2026-07-16T19:18:36.286Z","2026-07-16T19:18:36.286Z"
"STD083984","ADM851644",17,"Fiza","Shah","Female","2019-02-27", 7,"Class 2","B","O+","Christianity","Pakistani","Kamran Shah","Saba Shah","Kamran Shah","+923338729724","kamranshah36@gmail.com","House No. 231, Street 6, Saddar","Hyderabad","Sindh","71000","2025-04-05","77%",58,71,55,72,NA,NA,NA,NA,NA,NA,NA,NA,NA,NA,79,335,500,67.00,"B","Pass","Paid","School Van","No","No known medical conditions or allergies.","fiza.shah","$lhjYM5HOc","2026-07-16T19:18:36.286Z","2026-07-16T19:18:36.286Z"
"STD757070","ADM103852",18,"Muhammad","Ali","Male","2019-11-08", 7,"Class 2","B","A-","Hinduism","Pakistani","Ahmed Ali","Alisha Ali","Ahmed Ali","+923454837720","ahmedali38@gmail.com","House No. 173, Street 9, People's Colony","Faisalabad","Punjab","38000","2025-04-05","99%",52,93,65,92,NA,NA,NA,NA,NA,NA,NA,NA,NA,NA,90,392,500,78.40,"A","Pass","Unpaid","Self","No","Wears corrective lenses/glasses.","muhammad.ali","HABr1xA664","2026-07-16T19:18:36.286Z","2026-07-16T19:18:36.286Z"
"STD658576","ADM495126",19,"Zeeshan","Siddiqui","Male","2018-01-05", 8,"Class 2","B","B+","Christianity","Pakistani","Aamir Siddiqui","Saba Siddiqui","Aamir Siddiqui","+923128245540","aamirsiddiqui84@gmail.com","House No. 401, Avenue 4, Satellite Town","Quetta","Balochistan","87300","2025-04-05","65%",83,72,56,33,NA,NA,NA,NA,NA,NA,NA,NA,NA,NA,99,343,500,68.60,"B","Pass","Unpaid","School Van","No","No known medical conditions or allergies.","zeeshan.siddiqui","SZ3hfcze2u","2026-07-16T19:18:36.286Z","2026-07-16T19:18:36.286Z"
"STD189066","ADM227720",20,"Sana","Butt","Female","2018-07-12", 8,"Class 2","B","B-","Islam","Pakistani","Hamza Butt","Alisha Butt","Hamza Butt","+923003192161","hamzabutt25@gmail.com","House No. 288, Street 5, Samungli Road","Quetta","Balochistan","87300","2025-04-05","93%",35,98,69,58,NA,NA,NA,NA,NA,NA,NA,NA,NA,93,NA,353,500,70.60,"A","Pass","Paid","Self","No","Mild dust allergy.","sana.butt","UMIZIgF9Fh","2026-07-16T19:18:36.286Z","2026-07-16T19:18:36.286Z"
"STD324725","ADM449297",21,"Ali","Zaidi","Male","2019-11-01", 7,"Class 2","C","AB+","Islam","Pakistani","Adnan Zaidi","Zainab Zaidi","Adnan Zaidi","+923339019414","adnanzaidi23@gmail.com","House No. 35, Sector-Street 12, Gulistan Colony","Faisalabad","Punjab","38000","2025-04-05","71%",38,81,34,90,NA,NA,NA,NA,NA,NA,NA,NA,NA,37,NA,280,500,56.00,"C","Pass","Unpaid","School Van","No","No known medical conditions or allergies.","ali.zaidi","a7IzGPW8Ro","2026-07-16T19:18:36.286Z","2026-07-16T19:18:36.286Z"
"STD741174","ADM664231",22,"Asad","Siddiqui","Male","2019-02-24", 7,"Class 2","C","AB-","Islam","Pakistani","Ali Siddiqui","Sidra Siddiqui","Ali Siddiqui","+923122637514","alisiddiqui11@gmail.com","House No. 252, Lane 9, Samanabad","Faisalabad","Punjab","38000","2025-04-05","69%",44,44,86,51,NA,NA,NA,NA,NA,NA,NA,NA,NA,44,NA,269,500,53.80,"C","Pass","Paid","Self","No","No known medical conditions or allergies.","asad.siddiqui","i$p@cRYrf0","2026-07-16T19:18:36.286Z","2026-07-16T19:18:36.286Z"
"STD831490","ADM573630",23,"Hira","Siddiqui","Female","2019-11-20", 7,"Class 2","C","O-","Hinduism","Pakistani","Fahad Siddiqui","Sadia Siddiqui","Fahad Siddiqui","+923453685164","fahadsiddiqui40@gmail.com","House No. 310, Street 4, Gulshan-e-Iqbal","Karachi","Sindh","74200","2025-04-05","81%",54,71,64,60,NA,NA,NA,NA,NA,NA,NA,NA,NA,NA,90,339,500,67.80,"B","Pass","Paid","Self","No","Mild seasonal asthma; carries inhaler.","hira.siddiqui","l0CGfAuHYC","2026-07-16T19:18:36.286Z","2026-07-16T19:18:36.286Z"
"STD787444","ADM849852",24,"Arsalan","Farooqi","Male","2018-03-26", 8,"Class 2","C","A-","Hinduism","Pakistani","Adnan Farooqi","Sidra Farooqi","Adnan Farooqi","+923016302424","adnanfarooqi27@gmail.com","House No. 393, Sector-Street 4, Hayatabad Phase 1","Peshawar","Khyber Pakhtunkhwa","25000","2025-04-05","61%",100,49,73,73,NA,NA,NA,NA,NA,NA,NA,NA,NA,NA,38,333,500,66.60,"B","Pass","Paid","Self","No","No known medical conditions or allergies.","arsalan.farooqi","533LkzkNW@","2026-07-16T19:18:36.286Z","2026-07-16T19:18:36.286Z"
"STD780455","ADM223116",25,"Kamran","Jamil","Male","2019-04-16", 7,"Class 2","C","A+","Islam","Pakistani","Raza Jamil","Tayyaba Jamil","Raza Jamil","+923331186532","razajamil83@gmail.com","House No. 255, Road 5, Double Road","Quetta","Balochistan","87300","2025-04-05","78%",63,73,96,89,NA,NA,NA,NA,NA,NA,NA,NA,NA,73,NA,394,500,78.80,"A","Pass","Unpaid","Self","No","Mild dust allergy.","kamran.jamil","DJjvXtgfow","2026-07-16T19:18:36.286Z","2026-07-16T19:18:36.286Z"
"STD044580","ADM235665",26,"Amna","Ali","Female","2019-03-18", 7,"Class 2","C","O+","Islam","Pakistani","Saad Ali","Mariam Ali","Bilal Ali","+923014740203","saadali74@gmail.com","House No. 188, Avenue 6, North Nazimabad","Karachi","Sindh","74200","2025-04-05","98%",33,88,79,36,NA,NA,NA,NA,NA,NA,NA,NA,NA,40,NA,276,500,55.20,"C","Pass","Paid","School Van","No","No medical conditions.","amna.ali","$!CF5AeLXt","2026-07-16T19:18:36.286Z","2026-07-16T19:18:36.286Z"
"STD277913","ADM159806",27,"Wajiha","Raza","Female","2019-01-20", 7,"Class 2","C","O+","Islam","Pakistani","Saad Raza","Sadia Raza","Saad Raza","+923018019718","saadraza13@gmail.com","House No. 456, Road 14, University Town","Peshawar","Khyber Pakhtunkhwa","25000","2025-04-05","90%",75,66,52,59,NA,NA,NA,NA,NA,NA,NA,NA,NA,43,NA,295,500,59.00,"C","Pass","Unpaid","Self","No","Mild seasonal asthma; carries inhaler.","wajiha.raza","ghvU#Ilknx","2026-07-16T19:18:36.286Z","2026-07-16T19:18:36.286Z"
"STD024129","ADM809455",28,"Rimsha","Ansari","Female","2018-05-28", 8,"Class 2","C","B-","Islam","Pakistani","Omar Ansari","Nida Ansari","Omar Ansari","+923124045050","omaransari49@gmail.com","House No. 374, Avenue 15, Gari Khata","Hyderabad","Sindh","71000","2025-04-05","75%",35,34,82,57,NA,NA,NA,NA,NA,NA,NA,NA,NA,64,NA,272,500,54.40,"C","Pass","Paid","School Van","No","Mild seasonal asthma; carries inhaler.","rimsha.ansari","QM5JH@!HwX","2026-07-16T19:18:36.286Z","2026-07-16T19:18:36.286Z"
"STD683060","ADM771012",29,"Zain","Jamil","Male","2018-05-09", 8,"Class 2","C","A+","Islam","Pakistani","Asad Jamil","Areeba Jamil","Asad Jamil","+923012176552","asadjamil61@gmail.com","House No. 164, Lane 15, Johar Town","Lahore","Punjab","54000","2025-04-05","68%",95,84,83,61,NA,NA,NA,NA,NA,NA,NA,NA,NA,43,NA,366,500,73.20,"A","Pass","Paid","Self","No","No known medical conditions or allergies.","zain.jamil","xl@MiWNacD","2026-07-16T19:18:36.286Z","2026-07-16T19:18:36.286Z"
"STD421282","ADM477389",30,"Areeba","Jamil","Female","2018-03-18", 8,"Class 2","C","O-","Islam","Pakistani","Junaid Jamil","Zainab Jamil","Junaid Jamil","+923334373287","junaidjamil89@gmail.com","House No. 267, Lane 5, PECHS","Karachi","Sindh","74200","2025-04-05","78%",41,56,73,100,NA,NA,NA,NA,NA,NA,NA,NA,NA,78,NA,348,500,69.60,"B","Pass","Paid","Self","No","Allergic to penicillin.","areeba.jamil","9uYMre$Alz","2026-07-16T19:18:36.286Z","2026-07-16T19:18:36.286Z"
"STD424064","ADM586363", 1,"Hira","Naqvi","Female","2018-01-08", 8,"Class 3","A","B-","Islam","Pakistani","Shahzaib Naqvi","Tayyaba Naqvi","Hamza Naqvi","+923451174727","shahzaibnaqvi79@gmail.com","House No. 209, Avenue 11, Model Town","Lahore","Punjab","54000","2024-04-05","77%",34,83,77,95,NA,NA,NA,NA,NA,NA,NA,NA,NA,76,NA,365,500,73.00,"A","Pass","Paid","Self","No","Allergic to peanuts.","hira.naqvi","noLyGe94s8","2026-07-16T19:18:36.286Z","2026-07-16T19:18:36.286Z"
"STD672813","ADM233803", 2,"Saba","Mughal","Female","2018-03-15", 8,"Class 3","A","A+","Hinduism","Pakistani","Aamir Mughal","Mariam Mughal","Aamir Mughal","+923015763807","aamirmughal19@gmail.com","House No. 461, Road 10, Clifton","Karachi","Sindh","74200","2024-04-05","91%",95,41,53,38,NA,NA,NA,NA,NA,NA,NA,NA,NA,NA,63,290,500,58.00,"C","Pass","Paid","School Van","No","No known medical conditions or allergies.","saba.mughal","CKUt9rhdin","2026-07-16T19:18:36.286Z","2026-07-16T19:18:36.286Z"
"STD497460","ADM856650", 3,"Hussain","Zaidi","Male","2018-02-15", 8,"Class 3","A","A-","Christianity","Pakistani","Asad Zaidi","Iqra Zaidi","Asad Zaidi","+923021456877","asadzaidi91@gmail.com","House No. 487, Avenue 6, Double Road","Quetta","Balochistan","87300","2024-04-05","93%",92,95,87,88,NA,NA,NA,NA,NA,NA,NA,NA,NA,NA,95,457,500,91.40,"A+","Pass","Paid","Self","No","No medical conditions.","hussain.zaidi711","1575zr!!Yp","2026-07-16T19:18:36.286Z","2026-07-16T19:18:36.286Z"
"STD640164","ADM706163", 4,"Zain","Raza","Male","2018-08-13", 8,"Class 3","A","O-","Islam","Pakistani","Ahmed Raza","Fiza Raza","Ahmed Raza","+923338107269","ahmedraza37@gmail.com","House No. 27, Lane 5, Double Road","Quetta","Balochistan","87300","2024-04-05","91%",82,81,57,56,NA,NA,NA,NA,NA,NA,NA,NA,NA,56,NA,332,500,66.40,"B","Pass","Paid","School Van","No","Mild seasonal asthma; carries inhaler.","zain.raza","zlmkOhwCeW","2026-07-16T19:18:36.286Z","2026-07-16T19:18:36.286Z"
"STD112377","ADM045130", 5,"Zain","Chaudhry","Male","2018-02-11", 8,"Class 3","A","A+","Islam","Pakistani","Asad Chaudhry","Mehak Chaudhry","Asad Chaudhry","+923219773503","asadchaudhry54@gmail.com","House No. 142, Lane 4, Saddar","Hyderabad","Sindh","71000","2024-04-05","75%",38,78,52,94,NA,NA,NA,NA,NA,NA,NA,NA,NA,48,NA,310,500,62.00,"B","Pass","Paid","School Van","No","No known medical conditions or allergies.","zain.chaudhry773","nT0C!X!klf","2026-07-16T19:18:36.286Z","2026-07-16T19:18:36.286Z"
"STD629256","ADM467224", 6,"Mehak","Farooqi","Female","2018-09-07", 8,"Class 3","A","AB+","Islam","Pakistani","Usman Farooqi","Sumaira Farooqi","Usman Farooqi","+923457237777","usmanfarooqi10@gmail.com","House No. 214, Street 9, Satellite Town","Quetta","Balochistan","87300","2024-04-05","83%",89,39,76,62,NA,NA,NA,NA,NA,NA,NA,NA,NA,69,NA,335,500,67.00,"B","Pass","Paid","Self","No","Wears corrective lenses/glasses.","mehak.farooqi","QnKULliCFC","2026-07-16T19:18:36.286Z","2026-07-16T19:18:36.286Z"
"STD087632","ADM070135", 7,"Amna","Zaidi","Female","2017-12-21", 9,"Class 3","A","B-","Islam","Pakistani","Hussain Zaidi","Sumaira Zaidi","Hussain Zaidi","+923459879232","hussainzaidi64@gmail.com","House No. 193, Sector-Street 8, University Town","Peshawar","Khyber Pakhtunkhwa","25000","2024-04-05","65%",41,73,92,56,NA,NA,NA,NA,NA,NA,NA,NA,NA,93,NA,355,500,71.00,"A","Pass","Paid","School Van","No","Mild dust allergy.","amna.zaidi","zEIot25V8f","2026-07-16T19:18:36.286Z","2026-07-16T19:18:36.286Z"
"STD530516","ADM133336", 8,"Saad","Mughal","Male","2018-07-13", 8,"Class 3","A","O+","Islam","Pakistani","Aamir Mughal","Wajiha Mughal","Aamir Mughal","+923005272597","aamirmughal51@gmail.com","House No. 378, Street 12, Shah Rukn-e-Alam","Multan","Punjab","60000","2024-04-05","68%",50,98,66,61,NA,NA,NA,NA,NA,NA,NA,NA,NA,40,NA,315,500,63.00,"B","Pass","Paid","Self","No","Mild seasonal asthma; carries inhaler.","saad.mughal","OzmGGg3yXJ","2026-07-16T19:18:36.286Z","2026-07-16T19:18:36.286Z"
"STD132436","ADM632267", 9,"Zeeshan","Ansari","Male","2017-05-02", 9,"Class 3","A","AB-","Islam","Pakistani","Zeeshan Ansari","Sidra Ansari","Zain Ansari","+923013755969","zeeshanansari28@gmail.com","House No. 94, Street 11, Samungli Road","Quetta","Balochistan","87300","2024-04-05","92%",75,35,74,85,NA,NA,NA,NA,NA,NA,NA,NA,NA,63,NA,332,500,66.40,"B","Pass","Paid","School Van","No","Allergic to peanuts.","zeeshan.ansari","$54US5Nqmw","2026-07-16T19:18:36.286Z","2026-07-16T19:18:36.286Z"
"STD623671","ADM993578",10,"Amna","Chaudhry","Female","2017-07-26", 9,"Class 3","A","B+","Christianity","Pakistani","Arsalan Chaudhry","Sidra Chaudhry","Arsalan Chaudhry","+923217665863","arsalanchaudhry30@gmail.com","House No. 317, Street 6, Sector F-10","Islamabad","Islamabad Capital Territory","44000","2024-04-05","72%",49,43,77,85,NA,NA,NA,NA,NA,NA,NA,NA,NA,NA,70,324,500,64.80,"B","Pass","Paid","Self","No","No known medical conditions or allergies.","amna.chaudhry","nPjR02KotO","2026-07-16T19:18:36.286Z","2026-07-16T19:18:36.286Z"
"STD715881","ADM832590",11,"Zainab","Khan","Female","2017-10-05", 9,"Class 3","B","AB-","Islam","Pakistani","Hamza Khan","Sadia Khan","Hamza Khan","+923211756700","hamzakhan74@gmail.com","House No. 189, Road 3, Johar Town","Lahore","Punjab","54000","2024-04-05","62%",85,50,42,58,NA,NA,NA,NA,NA,NA,NA,NA,NA,77,NA,312,500,62.40,"B","Pass","Unpaid","Self","No","Allergic to penicillin.","zainab.khan","7MCLYz3fxY","2026-07-16T19:18:36.286Z","2026-07-16T19:18:36.286Z"
"STD678508","ADM578824",12,"Nabeel","Farooqi","Male","2018-05-16", 8,"Class 3","B","A+","Islam","Pakistani","Yasir Farooqi","Mariam Farooqi","Waqas Farooqi","+923218615849","yasirfarooqi12@gmail.com","House No. 331, Street 12, Federal B Area","Karachi","Sindh","74200","2024-04-05","72%",86,46,74,73,NA,NA,NA,NA,NA,NA,NA,NA,NA,72,NA,351,500,70.20,"A","Pass","Paid","Self","No","No medical conditions.","nabeel.farooqi","1X6XThb6cq","2026-07-16T19:18:36.286Z","2026-07-16T19:18:36.286Z"
"STD468186","ADM613794",13,"Zeeshan","Butt","Male","2018-12-24", 8,"Class 3","B","O+","Islam","Pakistani","Zeeshan Butt","Saba Butt","Zeeshan Butt","+923125065626","zeeshanbutt59@gmail.com","House No. 93, Road 15, Adyala Road","Rawalpindi","Punjab","46000","2024-04-05","75%",67,72,49,91,NA,NA,NA,NA,NA,NA,NA,NA,NA,62,NA,341,500,68.20,"B","Pass","Paid","Self","No","Allergic to peanuts.","zeeshan.butt","yNDLwzrq1Q","2026-07-16T19:18:36.287Z","2026-07-16T19:18:36.287Z"
"STD079836","ADM476218",14,"Nabeel","Chaudhry","Male","2018-03-02", 8,"Class 3","B","AB-","Islam","Pakistani","Haris Chaudhry","Kiran Chaudhry","Haris Chaudhry","+923453131493","harischaudhry48@gmail.com","House No. 77, Street 13, Ring Road","Peshawar","Khyber Pakhtunkhwa","25000","2024-04-05","66%",79,73,54,37,NA,NA,NA,NA,NA,NA,NA,NA,NA,79,NA,322,500,64.40,"B","Pass","Paid","School Van","No","Allergic to penicillin.","nabeel.chaudhry","qukdgtDmgV","2026-07-16T19:18:36.287Z","2026-07-16T19:18:36.287Z"
"STD856474","ADM399811",15,"Talha","Ali","Male","2017-03-24", 9,"Class 3","B","O-","Hinduism","Pakistani","Hamza Ali","Zainab Ali","Hamza Ali","+923029292323","hamzaali40@gmail.com","House No. 427, Lane 15, Gulistan Colony","Faisalabad","Punjab","38000","2024-04-05","63%",98,81,60,78,NA,NA,NA,NA,NA,NA,NA,NA,NA,NA,91,408,500,81.60,"A+","Pass","Paid","Self","No","Mild seasonal asthma; carries inhaler.","talha.ali","w!V4J4WedS","2026-07-16T19:18:36.287Z","2026-07-16T19:18:36.287Z"
"STD106131","ADM820206",16,"Nida","Ansari","Female","2017-03-01", 9,"Class 3","B","A+","Hinduism","Pakistani","Muhammad Ansari","Bushra Ansari","Muhammad Ansari","+923335167457","muhammadansari82@gmail.com","House No. 401, Street 13, Bahria Town","Rawalpindi","Punjab","46000","2024-04-05","79%",65,82,78,38,NA,NA,NA,NA,NA,NA,NA,NA,NA,NA,69,332,500,66.40,"B","Pass","Paid","School Van","No","Mild dust allergy.","nida.ansari","OoWJOaHFw9","2026-07-16T19:18:36.287Z","2026-07-16T19:18:36.287Z"
"STD198129","ADM328426",17,"Sana","Hashmi","Female","2017-09-18", 9,"Class 3","B","B+","Islam","Pakistani","Haris Hashmi","Iqra Hashmi","Haris Hashmi","+923029393535","harishashmi65@gmail.com","House No. 34, Street 11, Double Road","Quetta","Balochistan","87300","2024-04-05","64%",97,39,64,62,NA,NA,NA,NA,NA,NA,NA,NA,NA,79,NA,341,500,68.20,"B","Pass","Paid","Self","No","Mild dust allergy.","sana.hashmi","r25Kul2UeN","2026-07-16T19:18:36.287Z","2026-07-16T19:18:36.287Z"
"STD343849","ADM970287",18,"Amna","Zaidi","Female","2018-06-04", 8,"Class 3","B","O-","Islam","Pakistani","Yasir Zaidi","Fiza Zaidi","Ahmed Zaidi","+923025427972","yasirzaidi13@gmail.com","House No. 392, Avenue 9, Bahria Town","Rawalpindi","Punjab","46000","2024-04-05","87%",63,84,69,51,NA,NA,NA,NA,NA,NA,NA,NA,NA,36,NA,303,500,60.60,"B","Pass","Unpaid","School Van","No","Mild seasonal asthma; carries inhaler.","amna.zaidi713","SynBQHJvT0","2026-07-16T19:18:36.287Z","2026-07-16T19:18:36.287Z"
"STD660538","ADM988576",19,"Zeeshan","Ali","Male","2018-09-10", 8,"Class 3","B","O+","Hinduism","Pakistani","Daniyal Ali","Zainab Ali","Daniyal Ali","+923001555547","daniyalali97@gmail.com","House No. 467, Street 5, Model Town","Lahore","Punjab","54000","2024-04-05","87%",41,67,88,66,NA,NA,NA,NA,NA,NA,NA,NA,NA,NA,64,326,500,65.20,"B","Pass","Paid","School Van","No","Allergic to peanuts.","zeeshan.ali","Y#4PUjL2@y","2026-07-16T19:18:36.287Z","2026-07-16T19:18:36.287Z"
"STD946897","ADM523629",20,"Laiba","Khan","Female","2018-04-20", 8,"Class 3","B","AB-","Christianity","Pakistani","Aamir Khan","Amna Khan","Aamir Khan","+923001497285","aamirkhan82@gmail.com","House No. 94, Sector-Street 10, Gari Khata","Hyderabad","Sindh","71000","2024-04-05","84%",33,51,53,53,NA,NA,NA,NA,NA,NA,NA,NA,NA,NA,62,252,500,50.40,"C","Pass","Paid","Self","No","No known medical conditions or allergies.","laiba.khan","4Zx!wXZ!MI","2026-07-16T19:18:36.287Z","2026-07-16T19:18:36.287Z"
"STD609383","ADM431074",21,"Asad","Raza","Male","2018-09-13", 8,"Class 3","C","O-","Islam","Pakistani","Mustafa Raza","Fiza Raza","Mustafa Raza","+923333268559","mustafaraza21@gmail.com","House No. 411, Lane 9, Jinnah Road","Quetta","Balochistan","87300","2024-04-05","92%",35,53,53,83,NA,NA,NA,NA,NA,NA,NA,NA,NA,68,NA,292,500,58.40,"C","Pass","Paid","Self","No","No known medical conditions or allergies.","asad.raza","7nO5dtO85t","2026-07-16T19:18:36.287Z","2026-07-16T19:18:36.287Z"
"STD148696","ADM821168",22,"Bushra","Hashmi","Female","2018-11-26", 8,"Class 3","C","B-","Islam","Pakistani","Hamza Hashmi","Amna Hashmi","Hamza Hashmi","+923009852022","hamzahashmi63@gmail.com","House No. 145, Avenue 8, Saddar","Rawalpindi","Punjab","46000","2024-04-05","78%",62,79,83,85,NA,NA,NA,NA,NA,NA,NA,NA,NA,46,NA,355,500,71.00,"A","Pass","Paid","Self","No","Wears corrective lenses/glasses.","bushra.hashmi","I1H6DKbV#z","2026-07-16T19:18:36.287Z","2026-07-16T19:18:36.287Z"
"STD561180","ADM554593",23,"Hussain","Malik","Male","2017-11-18", 9,"Class 3","C","A-","Christianity","Pakistani","Nabeel Malik","Amna Malik","Nabeel Malik","+923214960873","nabeelmalik89@gmail.com","House No. 68, Avenue 12, Multan Public School Road","Multan","Punjab","60000","2024-04-05","98%",57,46,52,86,NA,NA,NA,NA,NA,NA,NA,NA,NA,NA,71,312,500,62.40,"B","Pass","Paid","School Van","No","No known medical conditions or allergies.","hussain.malik","KESJ!Vgpk4","2026-07-16T19:18:36.287Z","2026-07-16T19:18:36.287Z"
"STD931700","ADM087203",24,"Sadia","Ansari","Female","2017-07-01", 9,"Class 3","C","O+","Hinduism","Pakistani","Nabeel Ansari","Sana Ansari","Nabeel Ansari","+923025786909","nabeelansari93@gmail.com","House No. 261, Road 13, Double Road","Quetta","Balochistan","87300","2024-04-05","99%",64,76,87,97,NA,NA,NA,NA,NA,NA,NA,NA,NA,NA,42,366,500,73.20,"A","Pass","Paid","Self","No","Wears corrective lenses/glasses.","sadia.ansari","gV5NXbCj$X","2026-07-16T19:18:36.287Z","2026-07-16T19:18:36.287Z"
"STD766046","ADM406838",25,"Yasir","Yousafzai","Male","2017-02-28", 9,"Class 3","C","A+","Islam","Pakistani","Faisal Yousafzai","Iqra Yousafzai","Faisal Yousafzai","+923218973363","faisalyousafzai60@gmail.com","House No. 51, Avenue 2, People's Colony","Faisalabad","Punjab","38000","2024-04-05","96%",89,36,87,50,NA,NA,NA,NA,NA,NA,NA,NA,NA,82,NA,344,500,68.80,"B","Pass","Paid","Self","No","No medical conditions.","yasir.yousafzai","ZaoqdClXYc","2026-07-16T19:18:36.287Z","2026-07-16T19:18:36.287Z"
"STD223933","ADM754538",26,"Hira","Khan","Female","2018-10-02", 8,"Class 3","C","O-","Christianity","Pakistani","Waqas Khan","Sara Khan","Waqas Khan","+923026946200","waqaskhan24@gmail.com","House No. 491, Avenue 2, Saddar","Hyderabad","Sindh","71000","2024-04-05","73%",87,90,43,95,NA,NA,NA,NA,NA,NA,NA,NA,NA,NA,52,367,500,73.40,"A","Pass","Paid","Self","No","Allergic to peanuts.","hira.khan","4UaFO!3xpZ","2026-07-16T19:18:36.287Z","2026-07-16T19:18:36.287Z"
"STD289324","ADM337986",27,"Wajiha","Khan","Female","2018-05-24", 8,"Class 3","C","AB-","Hinduism","Pakistani","Yasir Khan","Sidra Khan","Yasir Khan","+923015770315","yasirkhan97@gmail.com","House No. 389, Street 9, Gulistan Colony","Faisalabad","Punjab","38000","2024-04-05","81%",58,85,41,58,NA,NA,NA,NA,NA,NA,NA,NA,NA,NA,61,303,500,60.60,"B","Pass","Paid","Self","Yes","No known medical conditions or allergies.","wajiha.khan","8bkG6dzbeJ","2026-07-16T19:18:36.287Z","2026-07-16T19:18:36.287Z"
"STD677657","ADM482219",28,"Wajiha","Zaidi","Female","2018-10-08", 8,"Class 3","C","B+","Hinduism","Pakistani","Yasir Zaidi","Sidra Zaidi","Yasir Zaidi","+923331619995","yasirzaidi98@gmail.com","House No. 77, Avenue 4, E-11","Islamabad","Islamabad Capital Territory","44000","2024-04-05","100%",88,53,75,50,NA,NA,NA,NA,NA,NA,NA,NA,NA,NA,55,321,500,64.20,"B","Pass","Unpaid","School Van","No","No medical conditions.","wajiha.zaidi","N#RsK$9$Vm","2026-07-16T19:18:36.287Z","2026-07-16T19:18:36.287Z"
"STD017626","ADM721646",29,"Anum","Naqvi","Female","2018-03-18", 8,"Class 3","C","O-","Islam","Pakistani","Abdullah Naqvi","Iqra Naqvi","Abdullah Naqvi","+923012604971","abdullahnaqvi59@gmail.com","House No. 259, Avenue 3, E-11","Islamabad","Islamabad Capital Territory","44000","2024-04-05","99%",61,85,44,75,NA,NA,NA,NA,NA,NA,NA,NA,NA,36,NA,301,500,60.20,"B","Pass","Paid","Self","Yes","No known medical conditions or allergies.","anum.naqvi","N9NvmlgcXb","2026-07-16T19:18:36.287Z","2026-07-16T19:18:36.287Z"
"STD081067","ADM104107",30,"Areeba","Chaudhry","Female","2017-03-10", 9,"Class 3","C","A+","Hinduism","Pakistani","Saad Chaudhry","Sana Chaudhry","Saad Chaudhry","+923127068660","saadchaudhry83@gmail.com","House No. 435, Road 2, Saddar","Rawalpindi","Punjab","46000","2024-04-05","95%",95,65,95,55,NA,NA,NA,NA,NA,NA,NA,NA,NA,NA,56,366,500,73.20,"A","Pass","Unpaid","School Van","No","Mild dust allergy.","areeba.chaudhry377","fhpIOofpTj","2026-07-16T19:18:36.287Z","2026-07-16T19:18:36.287Z"
"STD086965","ADM921719", 1,"Usman","Khan","Male","2016-07-22",10,"Class 4","A","AB-","Islam","Pakistani","Abdullah Khan","Iqra Khan","Abdullah Khan","+923459496840","abdullahkhan65@gmail.com","House No. 268, Street 9, Saddar","Rawalpindi","Punjab","46000","2023-04-05","94%",58,47,51,NA,91,76,NA,NA,NA,NA,NA,NA,NA,80,NA,403,600,67.17,"B","Pass","Paid","School Van","No","No known medical conditions or allergies.","usman.khan","ev8vD#uPMR","2026-07-16T19:18:36.287Z","2026-07-16T19:18:36.287Z"
"STD029442","ADM454056", 2,"Ahmed","Ansari","Male","2017-08-19", 9,"Class 4","A","AB-","Islam","Pakistani","Yasir Ansari","Saba Ansari","Yasir Ansari","+923029459707","yasiransari51@gmail.com","House No. 74, Avenue 12, Peshawar Cantt","Peshawar","Khyber Pakhtunkhwa","25000","2023-04-05","72%",36,63,97,NA,41,75,NA,NA,NA,NA,NA,NA,NA,71,NA,383,600,63.83,"B","Pass","Paid","Self","No","Mild seasonal asthma; carries inhaler.","ahmed.ansari","scqLB9dK8N","2026-07-16T19:18:36.287Z","2026-07-16T19:18:36.287Z"
"STD430669","ADM424933", 3,"Areeba","Sheikh","Female","2017-12-13", 9,"Class 4","A","O+","Hinduism","Pakistani","Asad Sheikh","Rimsha Sheikh","Asad Sheikh","+923008897661","asadsheikh17@gmail.com","House No. 21, Lane 3, Multan Public School Road","Multan","Punjab","60000","2023-04-05","88%",96,51,79,NA,93,63,NA,NA,NA,NA,NA,NA,NA,NA,50,432,600,72.00,"A","Pass","Paid","Self","No","Allergic to penicillin.","areeba.sheikh","7ShgMXTBLF","2026-07-16T19:18:36.287Z","2026-07-16T19:18:36.287Z"
"STD524530","ADM075215", 4,"Khadija","Hashmi","Female","2017-03-28", 9,"Class 4","A","B+","Islam","Pakistani","Raza Hashmi","Tayyaba Hashmi","Saad Hashmi","+923021544969","razahashmi15@gmail.com","House No. 499, Street 14, Gulgasht Colony","Multan","Punjab","60000","2023-04-05","83%",39,47,88,NA,59,83,NA,NA,NA,NA,NA,NA,NA,96,NA,412,600,68.67,"B","Pass","Paid","School Van","No","Allergic to penicillin.","khadija.hashmi","1FSjSkZ!n@","2026-07-16T19:18:36.287Z","2026-07-16T19:18:36.287Z"
"STD934118","ADM885467", 5,"Adnan","Mughal","Male","2017-12-01", 9,"Class 4","A","AB+","Christianity","Pakistani","Arsalan Mughal","Fiza Mughal","Arsalan Mughal","+923007685473","arsalanmughal70@gmail.com","House No. 265, Avenue 1, Sector G-11","Islamabad","Islamabad Capital Territory","44000","2023-04-05","62%",62,54,88,NA,71,71,NA,NA,NA,NA,NA,NA,NA,NA,99,445,600,74.17,"A","Pass","Paid","School Van","No","No known medical conditions or allergies.","adnan.mughal","0RJEBdiuHh","2026-07-16T19:18:36.287Z","2026-07-16T19:18:36.287Z"
"STD177174","ADM647200", 6,"Khadija","Farooqi","Female","2016-09-16",10,"Class 4","A","B+","Islam","Pakistani","Saad Farooqi","Mahnoor Farooqi","Saad Farooqi","+923458891705","saadfarooqi56@gmail.com","House No. 154, Avenue 11, Federal B Area","Karachi","Sindh","74200","2023-04-05","78%",69,54,51,NA,34,100,NA,NA,NA,NA,NA,NA,NA,84,NA,392,600,65.33,"B","Pass","Paid","School Van","No","Allergic to penicillin.","khadija.farooqi","yqC$okPX!I","2026-07-16T19:18:36.287Z","2026-07-16T19:18:36.287Z"
"STD633493","ADM163522", 7,"Yasir","Jamil","Male","2016-04-28",10,"Class 4","A","A-","Islam","Pakistani","Kamran Jamil","Amna Jamil","Kamran Jamil","+923123198728","kamranjamil37@gmail.com","House No. 211, Sector-Street 1, Sector I-8","Islamabad","Islamabad Capital Territory","44000","2023-04-05","86%",42,96,40,NA,76,43,NA,NA,NA,NA,NA,NA,NA,33,NA,330,600,55.00,"C","Pass","Paid","Self","No","Allergic to penicillin.","yasir.jamil","FBKt@EQYHQ","2026-07-16T19:18:36.287Z","2026-07-16T19:18:36.287Z"
"STD593580","ADM374762", 8,"Talha","Ali","Male","2017-01-01", 9,"Class 4","A","AB-","Islam","Pakistani","Asad Ali","Saba Ali","Asad Ali","+923018274126","asadali16@gmail.com","House No. 3, Lane 10, Shah Rukn-e-Alam","Multan","Punjab","60000","2023-04-05","63%",65,98,92,NA,33,44,NA,NA,NA,NA,NA,NA,NA,78,NA,410,600,68.33,"B","Pass","Paid","Self","No","Allergic to penicillin.","talha.ali652","g$ezckA8qB","2026-07-16T19:18:36.287Z","2026-07-16T19:18:36.287Z"
"STD897067","ADM657161", 9,"Haris","Naqvi","Male","2017-07-20", 9,"Class 4","A","A-","Christianity","Pakistani","Asad Naqvi","Khadija Naqvi","Asad Naqvi","+923336163238","asadnaqvi41@gmail.com","House No. 267, Street 5, E-11","Islamabad","Islamabad Capital Territory","44000","2023-04-05","93%",61,60,89,NA,96,45,NA,NA,NA,NA,NA,NA,NA,NA,70,421,600,70.17,"A","Pass","Paid","School Van","No","Wears corrective lenses/glasses.","haris.naqvi","e5kXrpyuSg","2026-07-16T19:18:36.287Z","2026-07-16T19:18:36.287Z"
"STD282651","ADM419855",10,"Rimsha","Khan","Female","2017-01-27", 9,"Class 4","A","O-","Islam","Pakistani","Hamza Khan","Saba Khan","Hamza Khan","+923211292890","hamzakhan80@gmail.com","House No. 357, Street 13, Johar Town","Lahore","Punjab","54000","2023-04-05","83%",51,33,36,NA,75,40,NA,NA,NA,NA,NA,NA,NA,60,NA,295,600,49.17,"D","Pass","Paid","Self","No","Wears corrective lenses/glasses.","rimsha.khan","uegEdIMq4H","2026-07-16T19:18:36.287Z","2026-07-16T19:18:36.287Z"
"STD881843","ADM332857",11,"Yasir","Mughal","Male","2016-12-12",10,"Class 4","B","O-","Islam","Pakistani","Haris Mughal","Khadija Mughal","Haris Mughal","+923125366566","harismughal60@gmail.com","House No. 142, Sector-Street 8, Satellite Town","Rawalpindi","Punjab","46000","2023-04-05","98%",51,67,46,NA,33,80,NA,NA,NA,NA,NA,NA,NA,98,NA,375,600,62.50,"B","Pass","Paid","School Van","No","Mild dust allergy.","yasir.mughal","QilGDRRnPp","2026-07-16T19:18:36.287Z","2026-07-16T19:18:36.287Z"
"STD459195","ADM732252",12,"Fahad","Hashmi","Male","2017-04-03", 9,"Class 4","B","B+","Islam","Pakistani","Daniyal Hashmi","Rimsha Hashmi","Daniyal Hashmi","+923013645686","daniyalhashmi64@gmail.com","House No. 10, Street 7, Johar Town","Lahore","Punjab","54000","2023-04-05","95%",92,73,100,NA,34,80,NA,NA,NA,NA,NA,NA,NA,63,NA,442,600,73.67,"A","Pass","Paid","Self","No","Mild seasonal asthma; carries inhaler.","fahad.hashmi","XYsSsZxJ8c","2026-07-16T19:18:36.287Z","2026-07-16T19:18:36.287Z"
"STD777288","ADM144344",13,"Abdullah","Sheikh","Male","2016-07-03",10,"Class 4","B","O-","Islam","Pakistani","Talha Sheikh","Areeba Sheikh","Bilal Sheikh","+923214769062","talhasheikh70@gmail.com","House No. 31, Sector-Street 13, Latifabad Unit 6","Hyderabad","Sindh","71000","2023-04-05","87%",100,71,44,NA,78,66,NA,NA,NA,NA,NA,NA,NA,100,NA,459,600,76.50,"A","Pass","Paid","Self","No","No medical conditions.","abdullah.sheikh","yffwZIUPky","2026-07-16T19:18:36.287Z","2026-07-16T19:18:36.287Z"
"STD080042","ADM136429",14,"Saad","Shah","Male","2016-08-28",10,"Class 4","B","A+","Islam","Pakistani","Fahad Shah","Ushna Shah","Omar Shah","+923014615161","fahadshah66@gmail.com","House No. 23, Street 13, Sector I-8","Islamabad","Islamabad Capital Territory","44000","2023-04-05","65%",55,84,73,NA,74,45,NA,NA,NA,NA,NA,NA,NA,78,NA,409,600,68.17,"B","Pass","Paid","School Van","No","Wears corrective lenses/glasses.","saad.shah","i$QK6obWDz","2026-07-16T19:18:36.287Z","2026-07-16T19:18:36.287Z"
"STD668048","ADM762469",15,"Mariam","Qureshi","Female","2016-10-05",10,"Class 4","B","A+","Islam","Pakistani","Adnan Qureshi","Fiza Qureshi","Adnan Qureshi","+923129545528","adnanqureshi54@gmail.com","House No. 226, Sector-Street 1, Iqbal Town","Lahore","Punjab","54000","2023-04-05","82%",70,89,48,NA,59,60,NA,NA,NA,NA,NA,NA,NA,37,NA,363,600,60.50,"B","Pass","Paid","Self","No","Mild seasonal asthma; carries inhaler.","mariam.qureshi","cVCyqY6XSv","2026-07-16T19:18:36.287Z","2026-07-16T19:18:36.287Z"
"STD754727","ADM354813",16,"Sana","Jamil","Female","2016-10-18",10,"Class 4","B","AB+","Islam","Pakistani","Saad Jamil","Ushna Jamil","Saad Jamil","+923332062423","saadjamil11@gmail.com","House No. 241, Road 12, Chaklala Scheme III","Rawalpindi","Punjab","46000","2023-04-05","71%",88,34,83,NA,35,57,NA,NA,NA,NA,NA,NA,NA,36,NA,333,600,55.50,"C","Pass","Paid","Self","No","Allergic to peanuts.","sana.jamil","mir8OMnzmb","2026-07-16T19:18:36.287Z","2026-07-16T19:18:36.287Z"
"STD198369","ADM297715",17,"Shahzaib","Zaidi","Male","2017-07-28", 9,"Class 4","B","B-","Islam","Pakistani","Bilal Zaidi","Ushna Zaidi","Bilal Zaidi","+923007654330","bilalzaidi77@gmail.com","House No. 403, Lane 7, Warsak Road","Peshawar","Khyber Pakhtunkhwa","25000","2023-04-05","91%",38,67,93,NA,78,58,NA,NA,NA,NA,NA,NA,NA,82,NA,416,600,69.33,"B","Pass","Paid","Self","No","Allergic to peanuts.","shahzaib.zaidi","42Y8s@RldW","2026-07-16T19:18:36.287Z","2026-07-16T19:18:36.287Z"
"STD408006","ADM990201",18,"Omar","Ahmed","Male","2016-05-01",10,"Class 4","B","A-","Islam","Pakistani","Ahmed Ahmed","Khadija Ahmed","Ahmed Ahmed","+923128014679","ahmedahmed12@gmail.com","House No. 182, Lane 12, Chaklala Scheme III","Rawalpindi","Punjab","46000","2023-04-05","79%",61,44,82,NA,100,98,NA,NA,NA,NA,NA,NA,NA,88,NA,473,600,78.83,"A","Pass","Unpaid","Self","No","Mild seasonal asthma; carries inhaler.","omar.ahmed","VZ1M9xvHau","2026-07-16T19:18:36.287Z","2026-07-16T19:18:36.287Z"
"STD062950","ADM898838",19,"Rimsha","Chaudhry","Female","2016-05-09",10,"Class 4","B","B-","Christianity","Pakistani","Aamir Chaudhry","Tayyaba Chaudhry","Aamir Chaudhry","+923018461041","aamirchaudhry31@gmail.com","House No. 357, Avenue 5, People's Colony","Faisalabad","Punjab","38000","2023-04-05","61%",43,94,66,NA,61,67,NA,NA,NA,NA,NA,NA,NA,NA,99,430,600,71.67,"A","Pass","Paid","Self","No","Mild dust allergy.","rimsha.chaudhry","N4hMo#d36G","2026-07-16T19:18:36.287Z","2026-07-16T19:18:36.287Z"
"STD538883","ADM796723",20,"Zainab","Naqvi","Female","2016-06-15",10,"Class 4","B","B-","Hinduism","Pakistani","Hassan Naqvi","Ushna Naqvi","Hassan Naqvi","+923458203449","hassannaqvi32@gmail.com","House No. 192, Lane 11, Cantt","Quetta","Balochistan","87300","2023-04-05","98%",50,80,52,NA,69,94,NA,NA,NA,NA,NA,NA,NA,NA,94,439,600,73.17,"A","Pass","Paid","School Van","No","Mild dust allergy.","zainab.naqvi","vZy1a28BkI","2026-07-16T19:18:36.288Z","2026-07-16T19:18:36.288Z"
"STD792706","ADM218803",21,"Ahmed","Sheikh","Male","2017-12-01", 9,"Class 4","C","A-","Islam","Pakistani","Hassan Sheikh","Mahnoor Sheikh","Hassan Sheikh","+923128037914","hassansheikh34@gmail.com","House No. 205, Sector-Street 5, Adyala Road","Rawalpindi","Punjab","46000","2023-04-05","69%",89,100,54,NA,90,44,NA,NA,NA,NA,NA,NA,NA,90,NA,467,600,77.83,"A","Pass","Paid","Self","No","Mild dust allergy.","ahmed.sheikh","ocrpojp8I#","2026-07-16T19:18:36.288Z","2026-07-16T19:18:36.288Z"
"STD007687","ADM214316",22,"Haris","Butt","Male","2016-12-05",10,"Class 4","C","O-","Islam","Pakistani","Shahzaib Butt","Hira Butt","Shahzaib Butt","+923009777999","shahzaibbutt33@gmail.com","House No. 380, Street 7, Samungli Road","Quetta","Balochistan","87300","2023-04-05","94%",39,44,94,NA,59,62,NA,NA,NA,NA,NA,NA,NA,86,NA,384,600,64.00,"B","Pass","Paid","School Van","No","No medical conditions.","haris.butt","2TfMzp9bkz","2026-07-16T19:18:36.288Z","2026-07-16T19:18:36.288Z"
"STD204818","ADM814442",23,"Javerya","Siddiqui","Female","2016-09-06",10,"Class 4","C","B-","Islam","Pakistani","Ali Siddiqui","Khadija Siddiqui","Ali Siddiqui","+923002295672","alisiddiqui57@gmail.com","House No. 83, Road 15, Double Road","Quetta","Balochistan","87300","2023-04-05","96%",67,67,93,NA,88,46,NA,NA,NA,NA,NA,NA,NA,83,NA,444,600,74.00,"A","Pass","Paid","Self","No","Mild dust allergy.","javerya.siddiqui","BRHki5Bw1S","2026-07-16T19:18:36.288Z","2026-07-16T19:18:36.288Z"
"STD427189","ADM164019",24,"Sidra","Farooqi","Female","2017-05-24", 9,"Class 4","C","A-","Islam","Pakistani","Aamir Farooqi","Nida Farooqi","Aamir Farooqi","+923451205630","aamirfarooqi90@gmail.com","House No. 390, Street 6, Sector G-11","Islamabad","Islamabad Capital Territory","44000","2023-04-05","71%",88,53,64,NA,46,86,NA,NA,NA,NA,NA,NA,NA,52,NA,389,600,64.83,"B","Pass","Paid","Self","No","Allergic to peanuts.","sidra.farooqi","NvUKIWMeuc","2026-07-16T19:18:36.288Z","2026-07-16T19:18:36.288Z"
"STD317152","ADM177391",25,"Nida","Ali","Female","2016-05-14",10,"Class 4","C","B+","Hinduism","Pakistani","Zain Ali","Rimsha Ali","Zain Ali","+923454278206","zainali47@gmail.com","House No. 448, Road 10, Ring Road","Peshawar","Khyber Pakhtunkhwa","25000","2023-04-05","96%",37,61,38,NA,64,89,NA,NA,NA,NA,NA,NA,NA,NA,90,379,600,63.17,"B","Pass","Paid","Self","No","Allergic to penicillin.","nida.ali","yDTIu6Yzlv","2026-07-16T19:18:36.288Z","2026-07-16T19:18:36.288Z"
"STD510022","ADM586909",26,"Raza","Raza","Male","2017-07-28", 9,"Class 4","C","A-","Islam","Pakistani","Omar Raza","Tayyaba Raza","Omar Raza","+923012178120","omarraza58@gmail.com","House No. 215, Lane 7, Samanabad","Lahore","Punjab","54000","2023-04-05","71%",81,78,87,NA,37,73,NA,NA,NA,NA,NA,NA,NA,95,NA,451,600,75.17,"A","Pass","Paid","Self","No","Allergic to penicillin.","raza.raza","2kZ2PgRWyH","2026-07-16T19:18:36.288Z","2026-07-16T19:18:36.288Z"
"STD766428","ADM284154",27,"Laiba","Yousafzai","Female","2017-03-18", 9,"Class 4","C","B+","Islam","Pakistani","Faisal Yousafzai","Mahnoor Yousafzai","Waqas Yousafzai","+923017805025","faisalyousafzai25@gmail.com","House No. 305, Street 1, Model Town","Lahore","Punjab","54000","2023-04-05","81%",90,91,49,NA,34,50,NA,NA,NA,NA,NA,NA,NA,53,NA,367,600,61.17,"B","Pass","Paid","Self","No","Mild dust allergy.","laiba.yousafzai","l2KM0aGirc","2026-07-16T19:18:36.288Z","2026-07-16T19:18:36.288Z"
"STD671350","ADM088016",28,"Abdullah","Siddiqui","Male","2017-06-15", 9,"Class 4","C","AB-","Christianity","Pakistani","Daniyal Siddiqui","Alisha Siddiqui","Fahad Siddiqui","+923217915284","daniyalsiddiqui74@gmail.com","House No. 110, Road 5, Model Town","Lahore","Punjab","54000","2023-04-05","86%",41,70,57,NA,66,72,NA,NA,NA,NA,NA,NA,NA,NA,54,360,600,60.00,"B","Pass","Paid","Self","No","No medical conditions.","abdullah.siddiqui","YO@01!SsgN","2026-07-16T19:18:36.288Z","2026-07-16T19:18:36.288Z"
"STD201682","ADM676695",29,"Arsalan","Chaudhry","Male","2016-02-13",10,"Class 4","C","AB-","Christianity","Pakistani","Shahzaib Chaudhry","Sara Chaudhry","Shahzaib Chaudhry","+923003944668","shahzaibchaudhry88@gmail.com","House No. 386, Road 14, Double Road","Quetta","Balochistan","87300","2023-04-05","75%",33,44,47,NA,64,43,NA,NA,NA,NA,NA,NA,NA,NA,34,265,600,44.17,"D","Pass","Paid","Self","Yes","No known medical conditions or allergies.","arsalan.chaudhry","zcBMUysdhG","2026-07-16T19:18:36.288Z","2026-07-16T19:18:36.288Z"
"STD529941","ADM552150",30,"Anum","Qureshi","Female","2017-11-20", 9,"Class 4","C","A-","Hinduism","Pakistani","Arsalan Qureshi","Wajiha Qureshi","Arsalan Qureshi","+923122414137","arsalanqureshi40@gmail.com","House No. 7, Sector-Street 3, Shah Rukn-e-Alam","Multan","Punjab","60000","2023-04-05","77%",83,83,66,NA,91,47,NA,NA,NA,NA,NA,NA,NA,NA,98,468,600,78.00,"A","Pass","Paid","School Van","No","No medical conditions.","anum.qureshi","V3TnWI8USy","2026-07-16T19:18:36.288Z","2026-07-16T19:18:36.288Z"
"STD929049","ADM643515", 1,"Kamran","Ahmed","Male","2016-06-27",10,"Class 5","A","B-","Christianity","Pakistani","Muhammad Ahmed","Areeba Ahmed","Muhammad Ahmed","+923331390847","muhammadahmed66@gmail.com","House No. 188, Street 12, Samanabad","Faisalabad","Punjab","38000","2022-04-05","88%",91,42,59,NA,36,82,NA,NA,NA,NA,NA,NA,NA,NA,57,367,600,61.17,"B","Pass","Paid","School Van","No","Wears corrective lenses/glasses.","kamran.ahmed","6Ja4fVgDSX","2026-07-16T19:18:36.288Z","2026-07-16T19:18:36.288Z"
"STD842796","ADM691636", 2,"Anum","Butt","Female","2015-09-18",11,"Class 5","A","A+","Islam","Pakistani","Omar Butt","Zainab Butt","Omar Butt","+923013237184","omarbutt98@gmail.com","House No. 79, Road 13, DHA Phase 5","Lahore","Punjab","54000","2022-04-05","70%",44,35,100,NA,45,92,NA,NA,NA,NA,NA,NA,NA,97,NA,413,600,68.83,"B","Pass","Paid","Self","No","No known medical conditions or allergies.","anum.butt","pXEpqqPGhk","2026-07-16T19:18:36.288Z","2026-07-16T19:18:36.288Z"
"STD089027","ADM666207", 3,"Raza","Qureshi","Male","2016-03-25",10,"Class 5","A","O-","Islam","Pakistani","Zain Qureshi","Bushra Qureshi","Saad Qureshi","+923007680379","zainqureshi13@gmail.com","House No. 219, Avenue 1, Cantt","Quetta","Balochistan","87300","2022-04-05","94%",45,41,59,NA,97,95,NA,NA,NA,NA,NA,NA,NA,62,NA,399,600,66.50,"B","Pass","Paid","Self","No","No medical conditions.","raza.qureshi","9H#mkG$Iy4","2026-07-16T19:18:36.288Z","2026-07-16T19:18:36.288Z"
"STD774474","ADM001475", 4,"Saba","Sheikh","Female","2015-10-11",11,"Class 5","A","AB-","Hinduism","Pakistani","Muhammad Sheikh","Areeba Sheikh","Muhammad Sheikh","+923218193033","muhammadsheikh70@gmail.com","House No. 445, Lane 2, Gari Khata","Hyderabad","Sindh","71000","2022-04-05","62%",89,77,44,NA,38,75,NA,NA,NA,NA,NA,NA,NA,NA,35,358,600,59.67,"C","Pass","Unpaid","Self","No","Mild dust allergy.","saba.sheikh","3$ACzUJxDN","2026-07-16T19:18:36.288Z","2026-07-16T19:18:36.288Z"
"STD443346","ADM948141", 5,"Wajiha","Hashmi","Female","2016-07-01",10,"Class 5","A","AB+","Islam","Pakistani","Asad Hashmi","Hira Hashmi","Asad Hashmi","+923121710537","asadhashmi67@gmail.com","House No. 98, Avenue 5, Bani Gala","Islamabad","Islamabad Capital Territory","44000","2022-04-05","77%",84,53,98,NA,66,46,NA,NA,NA,NA,NA,NA,NA,70,NA,417,600,69.50,"B","Pass","Paid","Self","No","No medical conditions.","wajiha.hashmi","oh#dKOVelB","2026-07-16T19:18:36.288Z","2026-07-16T19:18:36.288Z"
"STD874965","ADM640903", 6,"Omar","Zaidi","Male","2015-02-24",11,"Class 5","A","A-","Islam","Pakistani","Ahmed Zaidi","Tayyaba Zaidi","Ahmed Zaidi","+923336157189","ahmedzaidi58@gmail.com","House No. 203, Sector-Street 11, Peshawar Cantt","Peshawar","Khyber Pakhtunkhwa","25000","2022-04-05","73%",94,36,54,NA,90,76,NA,NA,NA,NA,NA,NA,NA,43,NA,393,600,65.50,"B","Pass","Paid","Self","No","Allergic to penicillin.","omar.zaidi","m3mEWnwsyY","2026-07-16T19:18:36.288Z","2026-07-16T19:18:36.288Z"
"STD102466","ADM233569", 7,"Talha","Siddiqui","Male","2015-05-12",11,"Class 5","A","AB+","Islam","Pakistani","Talha Siddiqui","Laiba Siddiqui","Talha Siddiqui","+923219711942","talhasiddiqui44@gmail.com","House No. 450, Lane 8, Madina Town","Faisalabad","Punjab","38000","2022-04-05","98%",53,81,43,NA,61,79,NA,NA,NA,NA,NA,NA,NA,61,NA,378,600,63.00,"B","Pass","Paid","Self","No","Wears corrective lenses/glasses.","talha.siddiqui","h7$f7ZNOPU","2026-07-16T19:18:36.288Z","2026-07-16T19:18:36.288Z"
"STD787771","ADM049039", 8,"Abdullah","Ahmed","Male","2016-01-01",10,"Class 5","A","A+","Islam","Pakistani","Adnan Ahmed","Mahnoor Ahmed","Adnan Ahmed","+923338537894","adnanahmed44@gmail.com","House No. 231, Sector-Street 9, Satellite Town","Rawalpindi","Punjab","46000","2022-04-05","97%",44,52,100,NA,38,94,NA,NA,NA,NA,NA,NA,NA,98,NA,426,600,71.00,"A","Pass","Paid","School Van","No","Mild dust allergy.","abdullah.ahmed","CWsteAXimB","2026-07-16T19:18:36.288Z","2026-07-16T19:18:36.288Z"
"STD415347","ADM954730", 9,"Sara","Yousafzai","Female","2016-10-26",10,"Class 5","A","A+","Islam","Pakistani","Adnan Yousafzai","Laiba Yousafzai","Adnan Yousafzai","+923453076606","adnanyousafzai36@gmail.com","House No. 369, Road 8, University Town","Peshawar","Khyber Pakhtunkhwa","25000","2022-04-05","67%",80,53,52,NA,96,84,NA,NA,NA,NA,NA,NA,NA,44,NA,409,600,68.17,"B","Pass","Unpaid","Self","No","Wears corrective lenses/glasses.","sara.yousafzai","U0K6Rl8UM4","2026-07-16T19:18:36.288Z","2026-07-16T19:18:36.288Z"
"STD363450","ADM518488",10,"Fatima","Naqvi","Female","2015-10-02",11,"Class 5","A","AB+","Islam","Pakistani","Zain Naqvi","Ushna Naqvi","Zain Naqvi","+923128779605","zainnaqvi24@gmail.com","House No. 299, Road 5, Citizen Colony","Hyderabad","Sindh","71000","2022-04-05","91%",70,62,71,NA,40,100,NA,NA,NA,NA,NA,NA,NA,87,NA,430,600,71.67,"A","Pass","Paid","Self","No","Mild seasonal asthma; carries inhaler.","fatima.naqvi","M03tB0xhVo","2026-07-16T19:18:36.288Z","2026-07-16T19:18:36.288Z"
"STD288043","ADM585942",11,"Zainab","Raza","Female","2016-09-27",10,"Class 5","B","A-","Hinduism","Pakistani","Shahzaib Raza","Amna Raza","Shahzaib Raza","+923022336401","shahzaibraza60@gmail.com","House No. 431, Road 5, Ring Road","Peshawar","Khyber Pakhtunkhwa","25000","2022-04-05","66%",93,68,89,NA,84,50,NA,NA,NA,NA,NA,NA,NA,NA,85,469,600,78.17,"A","Pass","Unpaid","Self","No","No known medical conditions or allergies.","zainab.raza537","PwXribe@IM","2026-07-16T19:18:36.288Z","2026-07-16T19:18:36.288Z"
"STD421238","ADM887891",12,"Ali","Siddiqui","Male","2016-02-25",10,"Class 5","B","AB-","Islam","Pakistani","Nabeel Siddiqui","Sidra Siddiqui","Adnan Siddiqui","+923454904847","nabeelsiddiqui53@gmail.com","House No. 251, Lane 5, People's Colony","Faisalabad","Punjab","38000","2022-04-05","97%",41,84,68,NA,100,95,NA,NA,NA,NA,NA,NA,NA,39,NA,427,600,71.17,"A","Pass","Paid","School Van","Yes","No known medical conditions or allergies.","ali.siddiqui","yNy9GcPc8d","2026-07-16T19:18:36.288Z","2026-07-16T19:18:36.288Z"
"STD448806","ADM402271",13,"Nabeel","Yousafzai","Male","2016-12-28",10,"Class 5","B","A+","Islam","Pakistani","Ali Yousafzai","Fatima Yousafzai","Ali Yousafzai","+923457466313","aliyousafzai29@gmail.com","House No. 488, Road 11, Sector G-11","Islamabad","Islamabad Capital Territory","44000","2022-04-05","94%",53,34,42,NA,84,34,NA,NA,NA,NA,NA,NA,NA,60,NA,307,600,51.17,"C","Pass","Paid","Self","No","Wears corrective lenses/glasses.","nabeel.yousafzai","LqfIWxu7Cx","2026-07-16T19:18:36.288Z","2026-07-16T19:18:36.288Z"
"STD467265","ADM574278",14,"Sadia","Abbasi","Female","2015-10-27",11,"Class 5","B","B+","Islam","Pakistani","Zain Abbasi","Mahnoor Abbasi","Asad Abbasi","+923027113013","zainabbasi28@gmail.com","House No. 147, Street 11, North Nazimabad","Karachi","Sindh","74200","2022-04-05","63%",81,38,51,NA,55,82,NA,NA,NA,NA,NA,NA,NA,95,NA,402,600,67.00,"B","Pass","Paid","Self","No","Allergic to penicillin.","sadia.abbasi","7vjYK3NqB6","2026-07-16T19:18:36.288Z","2026-07-16T19:18:36.288Z"
"STD120328","ADM985849",15,"Junaid","Mughal","Male","2015-09-20",11,"Class 5","B","AB+","Islam","Pakistani","Aamir Mughal","Tayyaba Mughal","Aamir Mughal","+923019077001","aamirmughal49@gmail.com","House No. 366, Avenue 3, Bahria Town","Rawalpindi","Punjab","46000","2022-04-05","63%",88,83,37,NA,75,41,NA,NA,NA,NA,NA,NA,NA,80,NA,404,600,67.33,"B","Pass","Paid","Self","No","Allergic to penicillin.","junaid.mughal","dfjTfh7ZNU","2026-07-16T19:18:36.288Z","2026-07-16T19:18:36.288Z"
"STD960439","ADM992370",16,"Kiran","Siddiqui","Female","2016-10-01",10,"Class 5","B","B-","Islam","Pakistani","Yasir Siddiqui","Javerya Siddiqui","Yasir Siddiqui","+923337682743","yasirsiddiqui63@gmail.com","House No. 404, Avenue 6, Samanabad","Faisalabad","Punjab","38000","2022-04-05","64%",47,76,100,NA,55,53,NA,NA,NA,NA,NA,NA,NA,87,NA,418,600,69.67,"B","Pass","Paid","Self","No","Allergic to peanuts.","kiran.siddiqui451","FQYl#fadMb","2026-07-16T19:18:36.290Z","2026-07-16T19:18:36.290Z"
"STD187024","ADM915818",17,"Wajiha","Malik","Female","2016-01-15",10,"Class 5","B","B-","Islam","Pakistani","Raza Malik","Kiran Malik","Raza Malik","+923002839711","razamalik40@gmail.com","House No. 62, Sector-Street 10, Hayatabad Phase 1","Peshawar","Khyber Pakhtunkhwa","25000","2022-04-05","67%",82,47,56,NA,62,52,NA,NA,NA,NA,NA,NA,NA,67,NA,366,600,61.00,"B","Pass","Paid","School Van","No","Mild dust allergy.","wajiha.malik","Sc#aaeXYxQ","2026-07-16T19:18:36.290Z","2026-07-16T19:18:36.290Z"
"STD386246","ADM735055",18,"Bilal","Abbasi","Male","2015-12-26",11,"Class 5","B","AB+","Islam","Pakistani","Talha Abbasi","Wajiha Abbasi","Talha Abbasi","+923022843374","talhaabbasi81@gmail.com","House No. 395, Sector-Street 10, Sector G-11","Islamabad","Islamabad Capital Territory","44000","2022-04-05","86%",72,72,72,NA,54,83,NA,NA,NA,NA,NA,NA,NA,84,NA,437,600,72.83,"A","Pass","Paid","Self","No","Wears corrective lenses/glasses.","bilal.abbasi954","bir7g#14Vi","2026-07-16T19:18:36.290Z","2026-07-16T19:18:36.290Z"
"STD006803","ADM736347",19,"Hamza","Naqvi","Male","2016-05-19",10,"Class 5","B","B+","Islam","Pakistani","Yasir Naqvi","Zainab Naqvi","Yasir Naqvi","+923337473895","yasirnaqvi30@gmail.com","House No. 434, Sector-Street 9, Defense (DHA)","Karachi","Sindh","74200","2022-04-05","80%",52,87,69,NA,50,73,NA,NA,NA,NA,NA,NA,NA,72,NA,403,600,67.17,"B","Pass","Paid","School Van","No","No medical conditions.","hamza.naqvi","8LG5s9i0bh","2026-07-16T19:18:36.290Z","2026-07-16T19:18:36.290Z"
"STD774653","ADM409293",20,"Sara","Abbasi","Female","2015-05-07",11,"Class 5","B","AB-","Hinduism","Pakistani","Asad Abbasi","Amna Abbasi","Asad Abbasi","+923219762400","asadabbasi93@gmail.com","House No. 155, Street 2, Model Town","Lahore","Punjab","54000","2022-04-05","62%",76,94,55,NA,69,56,NA,NA,NA,NA,NA,NA,NA,NA,73,423,600,70.50,"A","Pass","Paid","Self","No","No medical conditions.","sara.abbasi","n4pwTp#jSr","2026-07-16T19:18:36.290Z","2026-07-16T19:18:36.290Z"
"STD757993","ADM022262",21,"Fatima","Hashmi","Female","2015-07-04",11,"Class 5","C","B+","Islam","Pakistani","Hussain Hashmi","Sumaira Hashmi","Hussain Hashmi","+923024799413","hussainhashmi40@gmail.com","House No. 116, Avenue 4, Sector G-11","Islamabad","Islamabad Capital Territory","44000","2022-04-05","83%",79,43,64,NA,55,97,NA,NA,NA,NA,NA,NA,NA,45,NA,383,600,63.83,"B","Pass","Paid","Self","No","No known medical conditions or allergies.","fatima.hashmi38","PfkTrjk@z1","2026-07-16T19:18:36.290Z","2026-07-16T19:18:36.290Z"
"STD780433","ADM432670",22,"Nida","Jamil","Female","2016-09-10",10,"Class 5","C","O-","Islam","Pakistani","Bilal Jamil","Sadia Jamil","Nabeel Jamil","+923023255435","bilaljamil78@gmail.com","House No. 289, Street 8, Samanabad","Lahore","Punjab","54000","2022-04-05","74%",50,69,35,NA,71,69,NA,NA,NA,NA,NA,NA,NA,66,NA,360,600,60.00,"B","Pass","Paid","School Van","No","No known medical conditions or allergies.","nida.jamil","$3xA9fa9sh","2026-07-16T19:18:36.290Z","2026-07-16T19:18:36.290Z"
"STD539197","ADM049018",23,"Waqas","Farooqi","Male","2016-01-01",10,"Class 5","C","O-","Christianity","Pakistani","Hussain Farooqi","Amna Farooqi","Hussain Farooqi","+923005717691","hussainfarooqi32@gmail.com","House No. 70, Lane 3, Gari Khata","Hyderabad","Sindh","71000","2022-04-05","88%",56,84,98,NA,75,34,NA,NA,NA,NA,NA,NA,NA,NA,66,413,600,68.83,"B","Pass","Paid","Self","No","Allergic to penicillin.","waqas.farooqi788","eS6VjGLQDj","2026-07-16T19:18:36.290Z","2026-07-16T19:18:36.290Z"
"STD138575","ADM172355",24,"Nida","Ansari","Female","2016-05-01",10,"Class 5","C","A-","Islam","Pakistani","Mustafa Ansari","Fiza Ansari","Mustafa Ansari","+923123426681","mustafaansari50@gmail.com","House No. 341, Sector-Street 8, Multan Public School Road","Multan","Punjab","60000","2022-04-05","91%",68,75,37,NA,46,80,NA,NA,NA,NA,NA,NA,NA,72,NA,378,600,63.00,"B","Pass","Paid","School Van","No","Mild seasonal asthma; carries inhaler.","nida.ansari628","3o98K#Htxp","2026-07-16T19:18:36.290Z","2026-07-16T19:18:36.290Z"
"STD579014","ADM691148",25,"Hussain","Ali","Male","2016-05-08",10,"Class 5","C","A-","Christianity","Pakistani","Usman Ali","Sumaira Ali","Usman Ali","+923458028255","usmanali32@gmail.com","House No. 166, Avenue 14, Cantt","Quetta","Balochistan","87300","2022-04-05","81%",83,64,44,NA,75,54,NA,NA,NA,NA,NA,NA,NA,NA,38,358,600,59.67,"C","Pass","Paid","Self","No","No medical conditions.","hussain.ali","qoZP4fC54f","2026-07-16T19:18:36.290Z","2026-07-16T19:18:36.290Z"
"STD480596","ADM592035",26,"Raza","Zaidi","Male","2015-04-19",11,"Class 5","C","O+","Islam","Pakistani","Kamran Zaidi","Bushra Zaidi","Kamran Zaidi","+923453362885","kamranzaidi35@gmail.com","House No. 463, Lane 15, Samanabad","Faisalabad","Punjab","38000","2022-04-05","68%",88,83,63,NA,88,82,NA,NA,NA,NA,NA,NA,NA,61,NA,465,600,77.50,"A","Pass","Paid","Self","No","Mild seasonal asthma; carries inhaler.","raza.zaidi","9CsK#vdUGG","2026-07-16T19:18:36.290Z","2026-07-16T19:18:36.290Z"
"STD825959","ADM771918",27,"Usman","Ansari","Male","2016-10-23",10,"Class 5","C","B-","Islam","Pakistani","Talha Ansari","Saba Ansari","Talha Ansari","+923336872897","talhaansari35@gmail.com","House No. 361, Road 6, Jinnah Road","Quetta","Balochistan","87300","2022-04-05","99%",92,65,51,NA,72,55,NA,NA,NA,NA,NA,NA,NA,68,NA,403,600,67.17,"B","Pass","Paid","Self","No","Allergic to peanuts.","usman.ansari","eEWsKyqHl8","2026-07-16T19:18:36.290Z","2026-07-16T19:18:36.290Z"
"STD766316","ADM178987",28,"Omar","Yousafzai","Male","2015-09-21",11,"Class 5","C","O-","Islam","Pakistani","Arsalan Yousafzai","Nida Yousafzai","Arsalan Yousafzai","+923007766962","arsalanyousafzai28@gmail.com","House No. 255, Avenue 7, Satellite Town","Rawalpindi","Punjab","46000","2022-04-05","94%",49,72,51,NA,93,37,NA,NA,NA,NA,NA,NA,NA,35,NA,337,600,56.17,"C","Pass","Paid","School Van","No","Mild dust allergy.","omar.yousafzai","1A8zBdwXTu","2026-07-16T19:18:36.290Z","2026-07-16T19:18:36.290Z"
"STD872899","ADM815326",29,"Aamir","Ahmed","Male","2015-09-11",11,"Class 5","C","O+","Islam","Pakistani","Hamza Ahmed","Tayyaba Ahmed","Hamza Ahmed","+923213349275","hamzaahmed34@gmail.com","House No. 494, Road 1, Adyala Road","Rawalpindi","Punjab","46000","2022-04-05","91%",33,98,48,NA,34,84,NA,NA,NA,NA,NA,NA,NA,89,NA,386,600,64.33,"B","Pass","Paid","Self","No","No medical conditions.","aamir.ahmed","!qRGRJjsgg","2026-07-16T19:18:36.290Z","2026-07-16T19:18:36.290Z"
"STD047306","ADM720036",30,"Omar","Qureshi","Male","2015-03-12",11,"Class 5","C","O-","Hinduism","Pakistani","Hamza Qureshi","Iqra Qureshi","Hamza Qureshi","+923452519511","hamzaqureshi44@gmail.com","House No. 342, Avenue 11, Madina Town","Faisalabad","Punjab","38000","2022-04-05","76%",95,78,63,NA,87,80,NA,NA,NA,NA,NA,NA,NA,NA,42,445,600,74.17,"A","Pass","Paid","School Van","No","Mild seasonal asthma; carries inhaler.","omar.qureshi","ztca2nHXLQ","2026-07-16T19:18:36.290Z","2026-07-16T19:18:36.290Z"
"STD736403","ADM473469", 1,"Raza","Farooqi","Male","2014-06-16",12,"Class 6","A","O-","Islam","Pakistani","Hussain Farooqi","Nida Farooqi","Waqas Farooqi","+923001629546","hussainfarooqi13@gmail.com","House No. 333, Road 5, Peshawar Cantt","Peshawar","Khyber Pakhtunkhwa","25000","2021-04-05","62%",41,93,83,NA,68,NA, 87, 59,NA,NA,NA,NA,NA,37,NA,468,700,66.86,"B","Pass","Paid","School Van","No","Allergic to peanuts.","raza.farooqi","5rC@oAUoLm","2026-07-16T19:18:36.290Z","2026-07-16T19:18:36.290Z"
"STD872922","ADM990837", 2,"Hira","Chaudhry","Female","2014-05-06",12,"Class 6","A","O-","Islam","Pakistani","Omar Chaudhry","Zainab Chaudhry","Omar Chaudhry","+923219146921","omarchaudhry15@gmail.com","House No. 424, Sector-Street 1, Hayatabad Phase 1","Peshawar","Khyber Pakhtunkhwa","25000","2021-04-05","62%",81,95,49,NA,97,NA, 75, 58,NA,NA,NA,NA,NA,67,NA,522,700,74.57,"A","Pass","Paid","School Van","No","No medical conditions.","hira.chaudhry","cGwgT2821j","2026-07-16T19:18:36.290Z","2026-07-16T19:18:36.290Z"
"STD664004","ADM862991", 3,"Sara","Raza","Female","2014-01-23",12,"Class 6","A","B-","Islam","Pakistani","Kamran Raza","Bushra Raza","Kamran Raza","+923452458911","kamranraza93@gmail.com","House No. 57, Street 1, Bani Gala","Islamabad","Islamabad Capital Territory","44000","2021-04-05","63%",89,99,68,NA,92,NA, 91, 47,NA,NA,NA,NA,NA,76,NA,562,700,80.29,"A+","Pass","Paid","School Van","No","No medical conditions.","sara.raza","6hRjIK7nGL","2026-07-16T19:18:36.290Z","2026-07-16T19:18:36.290Z"
"STD398872","ADM477282", 4,"Javerya","Mughal","Female","2014-05-25",12,"Class 6","A","A+","Islam","Pakistani","Nabeel Mughal","Sara Mughal","Nabeel Mughal","+923212249511","nabeelmughal95@gmail.com","House No. 434, Road 6, Federal B Area","Karachi","Sindh","74200","2021-04-05","93%",37,80,78,NA,70,NA, 62, 89,NA,NA,NA,NA,NA,69,NA,485,700,69.29,"B","Pass","Paid","Self","No","Mild seasonal asthma; carries inhaler.","javerya.mughal","qO7Swc9rjh","2026-07-16T19:18:36.290Z","2026-07-16T19:18:36.290Z"
"STD301065","ADM082346", 5,"Junaid","Yousafzai","Male","2015-01-10",11,"Class 6","A","AB-","Islam","Pakistani","Ali Yousafzai","Laiba Yousafzai","Ali Yousafzai","+923128804727","aliyousafzai62@gmail.com","House No. 357, Street 7, Latifabad Unit 6","Hyderabad","Sindh","71000","2021-04-05","84%",84,56,98,NA,35,NA, 64, 51,NA,NA,NA,NA,NA,39,NA,427,700,61.00,"B","Pass","Paid","Self","No","Mild dust allergy.","junaid.yousafzai","wBQXUp5FoC","2026-07-16T19:18:36.290Z","2026-07-16T19:18:36.290Z"
"STD183967","ADM194757", 6,"Abdullah","Naqvi","Male","2014-02-03",12,"Class 6","A","O-","Christianity","Pakistani","Ahmed Naqvi","Kiran Naqvi","Ahmed Naqvi","+923332416357","ahmednaqvi58@gmail.com","House No. 375, Lane 7, Cantt","Quetta","Balochistan","87300","2021-04-05","79%",90,79,38,NA,91,NA, 51, 45,NA,NA,NA,NA,NA,NA,82,476,700,68.00,"B","Pass","Paid","School Van","No","Mild seasonal asthma; carries inhaler.","abdullah.naqvi","M2FvR@JFh!","2026-07-16T19:18:36.290Z","2026-07-16T19:18:36.290Z"
"STD160634","ADM178189", 7,"Khadija","Qureshi","Female","2015-07-16",11,"Class 6","A","AB-","Islam","Pakistani","Abdullah Qureshi","Wajiha Qureshi","Hussain Qureshi","+923451604956","abdullahqureshi22@gmail.com","House No. 86, Avenue 9, Multan Public School Road","Multan","Punjab","60000","2021-04-05","93%",88,47,36,NA,85,NA,100, 58,NA,NA,NA,NA,NA,52,NA,466,700,66.57,"B","Pass","Paid","Self","No","Allergic to penicillin.","khadija.qureshi","Zv2Mm07XVH","2026-07-16T19:18:36.290Z","2026-07-16T19:18:36.290Z"
"STD782718","ADM127386", 8,"Khadija","Abbasi","Female","2015-08-12",11,"Class 6","A","B-","Islam","Pakistani","Abdullah Abbasi","Mariam Abbasi","Abdullah Abbasi","+923457131534","abdullahabbasi25@gmail.com","House No. 61, Road 2, Warsak Road","Peshawar","Khyber Pakhtunkhwa","25000","2021-04-05","92%",77,62,57,NA,73,NA, 73, 64,NA,NA,NA,NA,NA,85,NA,491,700,70.14,"A","Pass","Paid","Self","No","No known medical conditions or allergies.","khadija.abbasi","IE$C@$#IIC","2026-07-16T19:18:36.290Z","2026-07-16T19:18:36.290Z"
"STD766106","ADM792493", 9,"Wajiha","Farooqi","Female","2015-09-18",11,"Class 6","A","AB-","Christianity","Pakistani","Talha Farooqi","Sadia Farooqi","Talha Farooqi","+923212872062","talhafarooqi84@gmail.com","House No. 147, Lane 7, PECHS","Karachi","Sindh","74200","2021-04-05","69%",46,89,79,NA,94,NA, 56, 98,NA,NA,NA,NA,NA,NA,62,524,700,74.86,"A","Pass","Paid","School Van","No","Allergic to peanuts.","wajiha.farooqi","5gUgwZt6A3","2026-07-16T19:18:36.290Z","2026-07-16T19:18:36.290Z"
"STD939522","ADM752255",10,"Rimsha","Mughal","Female","2015-10-11",11,"Class 6","A","A+","Hinduism","Pakistani","Hamza Mughal","Wajiha Mughal","Hamza Mughal","+923212479931","hamzamughal63@gmail.com","House No. 428, Sector-Street 2, Chaklala Scheme III","Rawalpindi","Punjab","46000","2021-04-05","65%",48,99,51,NA,83,NA, 46, 83,NA,NA,NA,NA,NA,NA,73,483,700,69.00,"B","Pass","Unpaid","Self","No","Wears corrective lenses/glasses.","rimsha.mughal","aM5EBSt8f@","2026-07-16T19:18:36.290Z","2026-07-16T19:18:36.290Z"
"STD073984","ADM559252",11,"Ali","Siddiqui","Male","2015-02-05",11,"Class 6","B","O+","Islam","Pakistani","Hassan Siddiqui","Alisha Siddiqui","Hassan Siddiqui","+923128844954","hassansiddiqui33@gmail.com","House No. 171, Lane 12, Chaklala Scheme III","Rawalpindi","Punjab","46000","2021-04-05","80%",97,57,37,NA,57,NA, 91, 59,NA,NA,NA,NA,NA,36,NA,434,700,62.00,"B","Pass","Paid","Self","No","No medical conditions.","ali.siddiqui647","8o!f1O2ajS","2026-07-16T19:18:36.290Z","2026-07-16T19:18:36.290Z"
"STD645069","ADM598653",12,"Sana","Hashmi","Female","2015-08-01",11,"Class 6","B","B+","Hinduism","Pakistani","Omar Hashmi","Iqra Hashmi","Omar Hashmi","+923128179588","omarhashmi22@gmail.com","House No. 304, Avenue 12, People's Colony","Faisalabad","Punjab","38000","2021-04-05","63%",74,69,66,NA,96,NA, 57, 58,NA,NA,NA,NA,NA,NA,76,496,700,70.86,"A","Pass","Paid","Self","No","Mild seasonal asthma; carries inhaler.","sana.hashmi471","NiOnEOEv54","2026-07-16T19:18:36.290Z","2026-07-16T19:18:36.290Z"
"STD603792","ADM869604",13,"Adnan","Sheikh","Male","2015-11-12",11,"Class 6","B","O-","Islam","Pakistani","Saad Sheikh","Sara Sheikh","Saad Sheikh","+923337121577","saadsheikh52@gmail.com","House No. 250, Avenue 2, Satellite Town","Rawalpindi","Punjab","46000","2021-04-05","64%",80,47,75,NA,78,NA, 49, 61,NA,NA,NA,NA,NA,73,NA,463,700,66.14,"B","Pass","Paid","School Van","No","Wears corrective lenses/glasses.","adnan.sheikh","H40EO#8Mtc","2026-07-16T19:18:36.290Z","2026-07-16T19:18:36.290Z"
"STD908345","ADM222483",14,"Junaid","Jamil","Male","2015-04-27",11,"Class 6","B","B+","Hinduism","Pakistani","Daniyal Jamil","Sara Jamil","Daniyal Jamil","+923453319392","daniyaljamil30@gmail.com","House No. 342, Avenue 15, Satellite Town","Quetta","Balochistan","87300","2021-04-05","68%",61,74,53,NA,61,NA, 48, 83,NA,NA,NA,NA,NA,NA,90,470,700,67.14,"B","Pass","Paid","Self","No","Mild dust allergy.","junaid.jamil","4CdJ39KFGY","2026-07-16T19:18:36.290Z","2026-07-16T19:18:36.290Z"
"STD058858","ADM847066",15,"Amna","Hashmi","Female","2014-12-11",12,"Class 6","B","A+","Islam","Pakistani","Adnan Hashmi","Ayesha Hashmi","Adnan Hashmi","+923027399710","adnanhashmi76@gmail.com","House No. 12, Street 2, Saddar","Rawalpindi","Punjab","46000","2021-04-05","95%",44,65,73,NA,37,NA, 82, 55,NA,NA,NA,NA,NA,45,NA,401,700,57.29,"C","Pass","Unpaid","Self","No","Allergic to peanuts.","amna.hashmi","hTGSFy3ni#","2026-07-16T19:18:36.290Z","2026-07-16T19:18:36.290Z"
"STD672500","ADM170652",16,"Ayesha","Sheikh","Female","2014-12-01",12,"Class 6","B","AB-","Islam","Pakistani","Daniyal Sheikh","Mehak Sheikh","Daniyal Sheikh","+923006731145","daniyalsheikh25@gmail.com","House No. 250, Lane 10, Johar Town","Lahore","Punjab","54000","2021-04-05","78%",70,67,57,NA,81,NA, 61, 63,NA,NA,NA,NA,NA,84,NA,483,700,69.00,"B","Pass","Unpaid","Self","No","Allergic to peanuts.","ayesha.sheikh","t3rvran5cZ","2026-07-16T19:18:36.290Z","2026-07-16T19:18:36.290Z"
"STD526186","ADM146086",17,"Haris","Khan","Male","2015-10-03",11,"Class 6","B","O+","Islam","Pakistani","Muhammad Khan","Ayesha Khan","Muhammad Khan","+923018732149","muhammadkhan57@gmail.com","House No. 81, Avenue 5, Gulistan Colony","Faisalabad","Punjab","38000","2021-04-05","60%",71,59,39,NA,49,NA, 97, 35,NA,NA,NA,NA,NA,54,NA,404,700,57.71,"C","Pass","Paid","Self","No","Mild dust allergy.","haris.khan","5XVBBsg9BP","2026-07-16T19:18:36.290Z","2026-07-16T19:18:36.290Z"
"STD983732","ADM295006",18,"Usman","Ansari","Male","2015-04-06",11,"Class 6","B","O+","Islam","Pakistani","Hassan Ansari","Fatima Ansari","Hassan Ansari","+923004764559","hassanansari31@gmail.com","House No. 489, Lane 11, Gulistan Colony","Faisalabad","Punjab","38000","2021-04-05","84%",57,86,45,NA,89,NA, 46, 64,NA,NA,NA,NA,NA,92,NA,479,700,68.43,"B","Pass","Paid","Self","No","Mild dust allergy.","usman.ansari236","kqQdvi7J1m","2026-07-16T19:18:36.290Z","2026-07-16T19:18:36.290Z"
"STD208083","ADM398638",19,"Tayyaba","Ahmed","Female","2014-11-03",12,"Class 6","B","O-","Islam","Pakistani","Ahmed Ahmed","Iqra Ahmed","Ahmed Ahmed","+923455581602","ahmedahmed24@gmail.com","House No. 20, Avenue 8, E-11","Islamabad","Islamabad Capital Territory","44000","2021-04-05","71%",95,93,90,NA,66,NA, 92, 95,NA,NA,NA,NA,NA,98,NA,629,700,89.86,"A+","Pass","Paid","Self","No","Allergic to peanuts.","tayyaba.ahmed","#jHt3D4H9V","2026-07-16T19:18:36.290Z","2026-07-16T19:18:36.290Z"
"STD582920","ADM089060",20,"Hussain","Mughal","Male","2015-12-15",11,"Class 6","B","O-","Islam","Pakistani","Nabeel Mughal","Ayesha Mughal","Nabeel Mughal","+923003503400","nabeelmughal97@gmail.com","House No. 12, Sector-Street 12, Madina Town","Faisalabad","Punjab","38000","2021-04-05","61%",67,98,94,NA,60,NA, 95, 96,NA,NA,NA,NA,NA,63,NA,573,700,81.86,"A+","Pass","Paid","School Van","No","Wears corrective lenses/glasses.","hussain.mughal","LNVUnOFWwu","2026-07-16T19:18:36.290Z","2026-07-16T19:18:36.290Z"
"STD409399","ADM709271",21,"Ayesha","Zaidi","Female","2015-12-05",11,"Class 6","C","O+","Islam","Pakistani","Zeeshan Zaidi","Sidra Zaidi","Zeeshan Zaidi","+923124509774","zeeshanzaidi56@gmail.com","House No. 269, Street 8, Citizen Colony","Hyderabad","Sindh","71000","2021-04-05","82%",82,75,55,NA,66,NA, 54, 82,NA,NA,NA,NA,NA,71,NA,485,700,69.29,"B","Pass","Paid","School Van","No","No known medical conditions or allergies.","ayesha.zaidi","iNdVvEJJ1a","2026-07-16T19:18:36.291Z","2026-07-16T19:18:36.291Z"
"STD501461","ADM917880",22,"Iqra","Butt","Female","2014-05-04",12,"Class 6","C","B+","Islam","Pakistani","Raza Butt","Kiran Butt","Asad Butt","+923014525672","razabutt42@gmail.com","House No. 153, Avenue 8, Model Town","Lahore","Punjab","54000","2021-04-05","82%",50,58,93,NA,92,NA, 43, 85,NA,NA,NA,NA,NA,89,NA,510,700,72.86,"A","Pass","Paid","School Van","No","Wears corrective lenses/glasses.","iqra.butt","8xdJYefQZA","2026-07-16T19:18:36.291Z","2026-07-16T19:18:36.291Z"
"STD319195","ADM000710",23,"Yasir","Chaudhry","Male","2014-03-22",12,"Class 6","C","A-","Islam","Pakistani","Nabeel Chaudhry","Mehak Chaudhry","Nabeel Chaudhry","+923122358165","nabeelchaudhry71@gmail.com","House No. 184, Lane 3, Warsak Road","Peshawar","Khyber Pakhtunkhwa","25000","2021-04-05","85%",58,91,67,NA,73,NA, 68, 39,NA,NA,NA,NA,NA,43,NA,439,700,62.71,"B","Pass","Paid","Self","No","No known medical conditions or allergies.","yasir.chaudhry","KuO7UmRR79","2026-07-16T19:18:36.291Z","2026-07-16T19:18:36.291Z"
"STD128277","ADM376399",24,"Asad","Hashmi","Male","2015-01-20",11,"Class 6","C","A-","Christianity","Pakistani","Haris Hashmi","Kiran Hashmi","Haris Hashmi","+923019787457","harishashmi80@gmail.com","House No. 299, Sector-Street 5, Federal B Area","Karachi","Sindh","74200","2021-04-05","69%",77,52,84,NA,49,NA, 69, 61,NA,NA,NA,NA,NA,NA,69,461,700,65.86,"B","Pass","Paid","Self","No","Allergic to penicillin.","asad.hashmi","SokSiKMh4F","2026-07-16T19:18:36.291Z","2026-07-16T19:18:36.291Z"
"STD473561","ADM981402",25,"Sumaira","Zaidi","Female","2015-10-18",11,"Class 6","C","O-","Islam","Pakistani","Daniyal Zaidi","Fatima Zaidi","Haris Zaidi","+923333924378","daniyalzaidi83@gmail.com","House No. 141, Avenue 1, E-11","Islamabad","Islamabad Capital Territory","44000","2021-04-05","85%",34,54,88,NA,78,NA, 53, 57,NA,NA,NA,NA,NA,76,NA,440,700,62.86,"B","Pass","Paid","School Van","No","Allergic to peanuts.","sumaira.zaidi","cWqJmra8sf","2026-07-16T19:18:36.291Z","2026-07-16T19:18:36.291Z"
"STD559045","ADM365008",26,"Laiba","Khan","Female","2015-02-21",11,"Class 6","C","B-","Christianity","Pakistani","Usman Khan","Alisha Khan","Zain Khan","+923338586965","usmankhan94@gmail.com","House No. 377, Street 10, Chaklala Scheme III","Rawalpindi","Punjab","46000","2021-04-05","75%",73,86,64,NA,71,NA, 78, 89,NA,NA,NA,NA,NA,NA,38,499,700,71.29,"A","Pass","Paid","School Van","No","Wears corrective lenses/glasses.","laiba.khan32","UbiBmtufm2","2026-07-16T19:18:36.291Z","2026-07-16T19:18:36.291Z"
"STD739301","ADM886403",27,"Hamza","Sheikh","Male","2014-07-02",12,"Class 6","C","B+","Hinduism","Pakistani","Arsalan Sheikh","Sidra Sheikh","Arsalan Sheikh","+923025431320","arsalansheikh56@gmail.com","House No. 90, Street 3, Warsak Road","Peshawar","Khyber Pakhtunkhwa","25000","2021-04-05","97%",50,39,84,NA,59,NA, 79, 83,NA,NA,NA,NA,NA,NA,66,460,700,65.71,"B","Pass","Paid","Self","No","Allergic to penicillin.","hamza.sheikh","8DFkVwGVjJ","2026-07-16T19:18:36.291Z","2026-07-16T19:18:36.291Z"
"STD138211","ADM908698",28,"Fahad","Naqvi","Male","2015-04-21",11,"Class 6","C","A-","Islam","Pakistani","Nabeel Naqvi","Ushna Naqvi","Nabeel Naqvi","+923217545054","nabeelnaqvi89@gmail.com","House No. 72, Lane 7, Hayatabad Phase 1","Peshawar","Khyber Pakhtunkhwa","25000","2021-04-05","93%",77,87,37,NA,82,NA, 71, 50,NA,NA,NA,NA,NA,73,NA,477,700,68.14,"B","Pass","Paid","Self","No","Allergic to peanuts.","fahad.naqvi","XxY8lyFDIl","2026-07-16T19:18:36.291Z","2026-07-16T19:18:36.291Z"
"STD540909","ADM899102",29,"Bushra","Hashmi","Female","2014-02-13",12,"Class 6","C","A-","Islam","Pakistani","Kamran Hashmi","Fiza Hashmi","Kamran Hashmi","+923124484568","kamranhashmi52@gmail.com","House No. 448, Lane 3, Cantt","Quetta","Balochistan","87300","2021-04-05","60%",54,39,71,NA,47,NA, 85, 39,NA,NA,NA,NA,NA,81,NA,416,700,59.43,"C","Pass","Paid","School Van","Yes","Allergic to penicillin.","bushra.hashmi817","0cL!zuwurc","2026-07-16T19:18:36.291Z","2026-07-16T19:18:36.291Z"
"STD994064","ADM337063",30,"Wajiha","Ahmed","Female","2014-11-03",12,"Class 6","C","AB+","Islam","Pakistani","Zeeshan Ahmed","Iqra Ahmed","Zeeshan Ahmed","+923213498399","zeeshanahmed59@gmail.com","House No. 268, Lane 15, Sector G-11","Islamabad","Islamabad Capital Territory","44000","2021-04-05","89%",76,41,66,NA,45,NA, 33, 86,NA,NA,NA,NA,NA,90,NA,437,700,62.43,"B","Pass","Paid","Self","Yes","Wears corrective lenses/glasses.","wajiha.ahmed","$IfXJPf2QX","2026-07-16T19:18:36.291Z","2026-07-16T19:18:36.291Z"
"STD096888","ADM200470", 1,"Bushra","Raza","Female","2013-09-24",13,"Class 7","A","A-","Islam","Pakistani","Haris Raza","Sara Raza","Haris Raza","+923017594731","harisraza40@gmail.com","House No. 94, Sector-Street 2, Cantt","Quetta","Balochistan","87300","2020-04-05","63%",34,87,75,NA,70,NA, 34, 60,NA,NA,NA,NA,NA,71,NA,431,700,61.57,"B","Pass","Paid","School Van","No","No known medical conditions or allergies.","bushra.raza","5gMSTfCwdl","2026-07-16T19:18:36.291Z","2026-07-16T19:18:36.291Z"
"STD047585","ADM765485", 2,"Wajiha","Butt","Female","2013-12-23",13,"Class 7","A","AB-","Islam","Pakistani","Nabeel Butt","Ushna Butt","Nabeel Butt","+923003564455","nabeelbutt48@gmail.com","House No. 406, Road 1, Defense (DHA)","Karachi","Sindh","74200","2020-04-05","61%",60,54,34,NA,44,NA, 69, 45,NA,NA,NA,NA,NA,35,NA,341,700,48.71,"D","Pass","Paid","Self","No","Wears corrective lenses/glasses.","wajiha.butt","JfTNtwV465","2026-07-16T19:18:36.291Z","2026-07-16T19:18:36.291Z"
"STD564152","ADM666420", 3,"Haris","Yousafzai","Male","2014-09-07",12,"Class 7","A","B-","Islam","Pakistani","Aamir Yousafzai","Khadija Yousafzai","Aamir Yousafzai","+923125329112","aamiryousafzai63@gmail.com","House No. 253, Sector-Street 6, Multan Public School Road","Multan","Punjab","60000","2020-04-05","96%",68,44,36,NA,42,NA, 76, 73,NA,NA,NA,NA,NA,52,NA,391,700,55.86,"C","Pass","Paid","Self","No","Mild seasonal asthma; carries inhaler.","haris.yousafzai","rTrgQja@fF","2026-07-16T19:18:36.291Z","2026-07-16T19:18:36.291Z"
"STD357057","ADM555388", 4,"Daniyal","Ahmed","Male","2013-10-24",13,"Class 7","A","A+","Islam","Pakistani","Daniyal Ahmed","Anum Ahmed","Daniyal Ahmed","+923331401638","daniyalahmed88@gmail.com","House No. 152, Avenue 14, E-11","Islamabad","Islamabad Capital Territory","44000","2020-04-05","97%",68,50,75,NA,73,NA, 84, 90,NA,NA,NA,NA,NA,62,NA,502,700,71.71,"A","Pass","Paid","Self","No","No known medical conditions or allergies.","daniyal.ahmed","s1qGfut2gO","2026-07-16T19:18:36.291Z","2026-07-16T19:18:36.291Z"
"STD615075","ADM765904", 5,"Asad","Abbasi","Male","2013-01-08",13,"Class 7","A","A+","Islam","Pakistani","Raza Abbasi","Areeba Abbasi","Raza Abbasi","+923333654088","razaabbasi95@gmail.com","House No. 410, Road 8, Multan Public School Road","Multan","Punjab","60000","2020-04-05","79%",80,60,83,NA,53,NA, 97, 82,NA,NA,NA,NA,NA,71,NA,526,700,75.14,"A","Pass","Unpaid","Self","No","Allergic to peanuts.","asad.abbasi","BtwfxmSwSm","2026-07-16T19:18:36.291Z","2026-07-16T19:18:36.291Z"
"STD407225","ADM174599", 6,"Junaid","Ali","Male","2013-12-17",13,"Class 7","A","A-","Islam","Pakistani","Asad Ali","Sobia Ali","Asad Ali","+923018075515","asadali21@gmail.com","House No. 418, Avenue 10, Iqbal Town","Lahore","Punjab","54000","2020-04-05","79%",72,95,89,NA,79,NA, 35, 53,NA,NA,NA,NA,NA,35,NA,458,700,65.43,"B","Pass","Unpaid","Self","No","Allergic to penicillin.","junaid.ali","2i2mmONcQA","2026-07-16T19:18:36.291Z","2026-07-16T19:18:36.291Z"
"STD232973","ADM810482", 7,"Mehak","Farooqi","Female","2014-12-20",12,"Class 7","A","AB+","Christianity","Pakistani","Hamza Farooqi","Mehak Farooqi","Hamza Farooqi","+923028662618","hamzafarooqi60@gmail.com","House No. 319, Road 11, North Nazimabad","Karachi","Sindh","74200","2020-04-05","98%",40,97,42,NA,42,NA, 98, 55,NA,NA,NA,NA,NA,NA,92,466,700,66.57,"B","Pass","Paid","School Van","No","No known medical conditions or allergies.","mehak.farooqi929","5wg2c3EsPY","2026-07-16T19:18:36.291Z","2026-07-16T19:18:36.291Z"
"STD172328","ADM446066", 8,"Nabeel","Jamil","Male","2013-12-09",13,"Class 7","A","B-","Islam","Pakistani","Fahad Jamil","Sadia Jamil","Fahad Jamil","+923335028072","fahadjamil69@gmail.com","House No. 387, Avenue 14, Defense (DHA)","Karachi","Sindh","74200","2020-04-05","82%",40,35,76,NA,73,NA, 58, 85,NA,NA,NA,NA,NA,37,NA,404,700,57.71,"C","Pass","Paid","Self","No","No medical conditions.","nabeel.jamil","tzLA46Pllr","2026-07-16T19:18:36.291Z","2026-07-16T19:18:36.291Z"
"STD047691","ADM804491", 9,"Nida","Zaidi","Female","2013-04-04",13,"Class 7","A","A+","Islam","Pakistani","Usman Zaidi","Saba Zaidi","Usman Zaidi","+923338685778","usmanzaidi18@gmail.com","House No. 416, Street 13, Cantt","Multan","Punjab","60000","2020-04-05","78%",94,56,100,NA,59,NA, 96, 99,NA,NA,NA,NA,NA,56,NA,560,700,80.00,"A+","Pass","Paid","Self","No","Mild seasonal asthma; carries inhaler.","nida.zaidi","bgzQR7qbEk","2026-07-16T19:18:36.291Z","2026-07-16T19:18:36.291Z"
"STD649530","ADM243200",10,"Waqas","Naqvi","Male","2014-02-18",12,"Class 7","A","A+","Hinduism","Pakistani","Daniyal Naqvi","Mariam Naqvi","Daniyal Naqvi","+923004710552","daniyalnaqvi30@gmail.com","House No. 155, Avenue 6, Samungli Road","Quetta","Balochistan","87300","2020-04-05","92%",82,65,67,NA,49,NA, 73, 60,NA,NA,NA,NA,NA,NA,85,481,700,68.71,"B","Pass","Paid","Self","No","No known medical conditions or allergies.","waqas.naqvi","Im080UNxEM","2026-07-16T19:18:36.291Z","2026-07-16T19:18:36.291Z"
"STD936072","ADM409545",11,"Asad","Shah","Male","2013-12-14",13,"Class 7","B","A-","Islam","Pakistani","Zain Shah","Iqra Shah","Zain Shah","+923458246450","zainshah59@gmail.com","House No. 397, Road 11, Defense (DHA)","Karachi","Sindh","74200","2020-04-05","87%",95,59,80,NA,42,NA, 44, 84,NA,NA,NA,NA,NA,90,NA,494,700,70.57,"A","Pass","Paid","Self","No","Mild seasonal asthma; carries inhaler.","asad.shah","$0@ykGPwp6","2026-07-16T19:18:36.291Z","2026-07-16T19:18:36.291Z"
"STD284590","ADM515308",12,"Hussain","Butt","Male","2014-09-26",12,"Class 7","B","O-","Islam","Pakistani","Faisal Butt","Mahnoor Butt","Arsalan Butt","+923213373178","faisalbutt59@gmail.com","House No. 451, Lane 6, Peshawar Cantt","Peshawar","Khyber Pakhtunkhwa","25000","2020-04-05","100%",37,74,90,NA,56,NA, 68, 67,NA,NA,NA,NA,NA,38,NA,430,700,61.43,"B","Pass","Paid","Self","No","Wears corrective lenses/glasses.","hussain.butt","70X4El3qqD","2026-07-16T19:18:36.291Z","2026-07-16T19:18:36.291Z"
"STD920363","ADM322869",13,"Iqra","Qureshi","Female","2014-02-13",12,"Class 7","B","AB+","Islam","Pakistani","Omar Qureshi","Mariam Qureshi","Omar Qureshi","+923003942601","omarqureshi87@gmail.com","House No. 3, Street 10, Hayatabad Phase 1","Peshawar","Khyber Pakhtunkhwa","25000","2020-04-05","72%",38,86,70,NA,86,NA, 33, 48,NA,NA,NA,NA,NA,59,NA,420,700,60.00,"B","Pass","Paid","School Van","No","No medical conditions.","iqra.qureshi","pcFh4nZJCK","2026-07-16T19:18:36.291Z","2026-07-16T19:18:36.291Z"
"STD606062","ADM006394",14,"Areeba","Malik","Female","2013-04-02",13,"Class 7","B","A-","Hinduism","Pakistani","Zeeshan Malik","Khadija Malik","Zeeshan Malik","+923455656616","zeeshanmalik14@gmail.com","House No. 141, Road 5, Sector G-11","Islamabad","Islamabad Capital Territory","44000","2020-04-05","96%",51,63,67,NA,72,NA, 71, 63,NA,NA,NA,NA,NA,NA,54,441,700,63.00,"B","Pass","Paid","Self","No","No known medical conditions or allergies.","areeba.malik443","scREvaNSl9","2026-07-16T19:18:36.291Z","2026-07-16T19:18:36.291Z"
"STD660030","ADM756215",15,"Khadija","Abbasi","Female","2013-11-04",13,"Class 7","B","B+","Islam","Pakistani","Raza Abbasi","Anum Abbasi","Raza Abbasi","+923453020583","razaabbasi95@gmail.com","House No. 200, Lane 13, Samanabad","Faisalabad","Punjab","38000","2020-04-05","100%",83,39,61,NA,61,NA, 46, 77,NA,NA,NA,NA,NA,60,NA,427,700,61.00,"B","Pass","Paid","School Van","No","No known medical conditions or allergies.","khadija.abbasi434","XgHcdN$hEd","2026-07-16T19:18:36.291Z","2026-07-16T19:18:36.291Z"
"STD349837","ADM542564",16,"Ushna","Qureshi","Female","2013-02-08",13,"Class 7","B","A+","Islam","Pakistani","Raza Qureshi","Saba Qureshi","Raza Qureshi","+923012956812","razaqureshi44@gmail.com","House No. 432, Sector-Street 13, University Town","Peshawar","Khyber Pakhtunkhwa","25000","2020-04-05","75%",82,46,77,NA,95,NA, 75, 93,NA,NA,NA,NA,NA,46,NA,514,700,73.43,"A","Pass","Paid","School Van","No","Allergic to penicillin.","ushna.qureshi","6t3RfuDnPj","2026-07-16T19:18:36.291Z","2026-07-16T19:18:36.291Z"
"STD521591","ADM892624",17,"Ahmed","Yousafzai","Male","2013-02-11",13,"Class 7","B","AB+","Islam","Pakistani","Talha Yousafzai","Mehak Yousafzai","Talha Yousafzai","+923451633997","talhayousafzai14@gmail.com","House No. 489, Street 9, Warsak Road","Peshawar","Khyber Pakhtunkhwa","25000","2020-04-05","83%",77,71,71,NA,46,NA, 50, 74,NA,NA,NA,NA,NA,44,NA,433,700,61.86,"B","Pass","Paid","Self","No","Allergic to peanuts.","ahmed.yousafzai","78Froxtq!J","2026-07-16T19:18:36.291Z","2026-07-16T19:18:36.291Z"
"STD630618","ADM875192",18,"Bilal","Ali","Male","2014-07-21",12,"Class 7","B","B-","Islam","Pakistani","Usman Ali","Sidra Ali","Nabeel Ali","+923219884513","usmanali88@gmail.com","House No. 144, Street 5, Sector I-8","Islamabad","Islamabad Capital Territory","44000","2020-04-05","85%",80,71,85,NA,33,NA, 84, 76,NA,NA,NA,NA,NA,47,NA,476,700,68.00,"B","Pass","Paid","School Van","No","Allergic to peanuts.","bilal.ali","ASriP9C2vX","2026-07-16T19:18:36.291Z","2026-07-16T19:18:36.291Z"
"STD649133","ADM363378",19,"Sadia","Naqvi","Female","2013-07-26",13,"Class 7","B","AB-","Christianity","Pakistani","Hussain Naqvi","Fiza Naqvi","Hussain Naqvi","+923014338089","hussainnaqvi80@gmail.com","House No. 221, Sector-Street 4, Gulistan Colony","Faisalabad","Punjab","38000","2020-04-05","96%",55,64,57,NA,80,NA, 49, 98,NA,NA,NA,NA,NA,NA,58,461,700,65.86,"B","Pass","Paid","School Van","No","Mild dust allergy.","sadia.naqvi","DRVYrYs648","2026-07-16T19:18:36.291Z","2026-07-16T19:18:36.291Z"
"STD486072","ADM599524",20,"Adnan","Ali","Male","2014-08-04",12,"Class 7","B","B+","Hinduism","Pakistani","Omar Ali","Hira Ali","Omar Ali","+923456232121","omarali76@gmail.com","House No. 267, Lane 15, Madina Town","Faisalabad","Punjab","38000","2020-04-05","97%",45,72,35,NA,51,NA, 94, 91,NA,NA,NA,NA,NA,NA,65,453,700,64.71,"B","Pass","Paid","Self","No","Mild dust allergy.","adnan.ali","aPTV1qLuz$","2026-07-16T19:18:36.291Z","2026-07-16T19:18:36.291Z"
"STD572571","ADM459662",21,"Arsalan","Ahmed","Male","2013-09-26",13,"Class 7","C","B-","Islam","Pakistani","Kamran Ahmed","Sobia Ahmed","Kamran Ahmed","+923011370684","kamranahmed89@gmail.com","House No. 318, Road 1, Gari Khata","Hyderabad","Sindh","71000","2020-04-05","71%",62,56,94,NA,65,NA, 33, 95,NA,NA,NA,NA,NA,83,NA,488,700,69.71,"B","Pass","Paid","Self","No","Mild dust allergy.","arsalan.ahmed","uj!gcTEUhh","2026-07-16T19:18:36.291Z","2026-07-16T19:18:36.291Z"
"STD136757","ADM225760",22,"Hussain","Ali","Male","2014-03-03",12,"Class 7","C","AB-","Islam","Pakistani","Abdullah Ali","Zainab Ali","Abdullah Ali","+923015808354","abdullahali57@gmail.com","House No. 31, Road 3, Satellite Town","Quetta","Balochistan","87300","2020-04-05","70%",79,90,83,NA,39,NA, 86, 41,NA,NA,NA,NA,NA,72,NA,490,700,70.00,"A","Pass","Paid","School Van","No","Allergic to penicillin.","hussain.ali976","QrEedw9T$B","2026-07-16T19:18:36.291Z","2026-07-16T19:18:36.291Z"
"STD690900","ADM037568",23,"Aamir","Hashmi","Male","2014-04-10",12,"Class 7","C","O-","Islam","Pakistani","Fahad Hashmi","Javerya Hashmi","Faisal Hashmi","+923023986761","fahadhashmi40@gmail.com","House No. 9, Avenue 14, Shah Rukn-e-Alam","Multan","Punjab","60000","2020-04-05","93%",49,92,82,NA,92,NA, 67, 46,NA,NA,NA,NA,NA,83,NA,511,700,73.00,"A","Pass","Unpaid","Self","No","No medical conditions.","aamir.hashmi","eo690ieVCN","2026-07-16T19:18:36.291Z","2026-07-16T19:18:36.291Z"
"STD203098","ADM855102",24,"Kamran","Chaudhry","Male","2013-02-06",13,"Class 7","C","A-","Christianity","Pakistani","Mustafa Chaudhry","Kiran Chaudhry","Mustafa Chaudhry","+923335413015","mustafachaudhry50@gmail.com","House No. 41, Street 5, Gari Khata","Hyderabad","Sindh","71000","2020-04-05","81%",86,94,80,NA,92,NA, 73, 52,NA,NA,NA,NA,NA,NA,74,551,700,78.71,"A","Pass","Paid","School Van","No","Mild dust allergy.","kamran.chaudhry","vbPwmspPpD","2026-07-16T19:18:36.291Z","2026-07-16T19:18:36.291Z"
"STD335242","ADM479998",25,"Saba","Mughal","Female","2014-02-18",12,"Class 7","C","O+","Christianity","Pakistani","Omar Mughal","Bushra Mughal","Hussain Mughal","+923217491909","omarmughal63@gmail.com","House No. 435, Street 3, North Nazimabad","Karachi","Sindh","74200","2020-04-05","68%",76,37,57,NA,92,NA, 95, 91,NA,NA,NA,NA,NA,NA,91,539,700,77.00,"A","Pass","Unpaid","Self","No","No medical conditions.","saba.mughal655","uuqVcdvnvS","2026-07-16T19:18:36.291Z","2026-07-16T19:18:36.291Z"
"STD325750","ADM974644",26,"Khadija","Abbasi","Female","2014-05-28",12,"Class 7","C","O-","Islam","Pakistani","Hussain Abbasi","Fatima Abbasi","Hussain Abbasi","+923334139728","hussainabbasi28@gmail.com","House No. 142, Sector-Street 5, University Town","Peshawar","Khyber Pakhtunkhwa","25000","2020-04-05","84%",34,72,80,NA,51,NA, 68, 51,NA,NA,NA,NA,NA,72,NA,428,700,61.14,"B","Pass","Paid","School Van","No","No medical conditions.","khadija.abbasi63","shiKWwbbdN","2026-07-16T19:18:36.291Z","2026-07-16T19:18:36.291Z"
"STD511293","ADM875044",27,"Ahmed","Mughal","Male","2014-02-24",12,"Class 7","C","B-","Christianity","Pakistani","Ahmed Mughal","Mahnoor Mughal","Ahmed Mughal","+923009953377","ahmedmughal42@gmail.com","House No. 441, Sector-Street 2, Hayatabad Phase 1","Peshawar","Khyber Pakhtunkhwa","25000","2020-04-05","83%",76,44,61,NA,40,NA, 52, 40,NA,NA,NA,NA,NA,NA,37,350,700,50.00,"C","Pass","Paid","School Van","No","No medical conditions.","ahmed.mughal","OTMsgPdqPf","2026-07-16T19:18:36.291Z","2026-07-16T19:18:36.291Z"
"STD130576","ADM254077",28,"Fatima","Shah","Female","2013-04-23",13,"Class 7","C","A+","Islam","Pakistani","Bilal Shah","Khadija Shah","Bilal Shah","+923025304198","bilalshah36@gmail.com","House No. 499, Avenue 15, Sector G-11","Islamabad","Islamabad Capital Territory","44000","2020-04-05","80%",85,40,68,NA,76,NA, 86, 51,NA,NA,NA,NA,NA,84,NA,490,700,70.00,"A","Pass","Paid","Self","No","No medical conditions.","fatima.shah","eXGy$Gd3ts","2026-07-16T19:18:36.291Z","2026-07-16T19:18:36.291Z"
"STD939623","ADM297079",29,"Wajiha","Butt","Female","2014-12-10",12,"Class 7","C","O+","Islam","Pakistani","Raza Butt","Khadija Butt","Raza Butt","+923333001986","razabutt25@gmail.com","House No. 33, Road 9, Adyala Road","Rawalpindi","Punjab","46000","2020-04-05","99%",36,42,89,NA,62,NA, 47, 46,NA,NA,NA,NA,NA,88,NA,410,700,58.57,"C","Pass","Paid","Self","Yes","Wears corrective lenses/glasses.","wajiha.butt407","C@jPtWhmce","2026-07-16T19:18:36.291Z","2026-07-16T19:18:36.291Z"
"STD852171","ADM431173",30,"Bushra","Ali","Female","2014-04-25",12,"Class 7","C","O+","Hinduism","Pakistani","Nabeel Ali","Ayesha Ali","Nabeel Ali","+923333484166","nabeelali83@gmail.com","House No. 360, Lane 12, Sector G-11","Islamabad","Islamabad Capital Territory","44000","2020-04-05","77%",85,46,60,NA,76,NA, 37, 77,NA,NA,NA,NA,NA,NA,97,478,700,68.29,"B","Pass","Paid","Self","No","No known medical conditions or allergies.","bushra.ali","Dy4UAZAXCn","2026-07-16T19:18:36.291Z","2026-07-16T19:18:36.291Z"
"STD602901","ADM708217", 1,"Zain","Mughal","Male","2012-02-23",14,"Class 8","A","A+","Islam","Pakistani","Arsalan Mughal","Sadia Mughal","Arsalan Mughal","+923018879872","arsalanmughal30@gmail.com","House No. 450, Street 2, Sector F-10","Islamabad","Islamabad Capital Territory","44000","2019-04-05","100%",34,52,68,NA,86,NA, 48, 85,NA,NA,NA,NA,NA,45,NA,418,700,59.71,"C","Pass","Unpaid","Self","No","No medical conditions.","zain.mughal","VpG0nfpvRA","2026-07-16T19:18:36.291Z","2026-07-16T19:18:36.291Z"
"STD966547","ADM831564", 2,"Ahmed","Shah","Male","2013-10-09",13,"Class 8","A","B+","Hinduism","Pakistani","Hamza Shah","Anum Shah","Hamza Shah","+923123003657","hamzashah26@gmail.com","House No. 482, Sector-Street 8, Sector F-10","Islamabad","Islamabad Capital Territory","44000","2019-04-05","95%",51,70,49,NA,99,NA, 47, 68,NA,NA,NA,NA,NA,NA,94,478,700,68.29,"B","Pass","Unpaid","School Van","Yes","Allergic to peanuts.","ahmed.shah","@epGXHj$zz","2026-07-16T19:18:36.291Z","2026-07-16T19:18:36.291Z"
"STD327718","ADM884075", 3,"Hamza","Raza","Male","2013-07-03",13,"Class 8","A","B-","Islam","Pakistani","Ahmed Raza","Areeba Raza","Ahmed Raza","+923027602343","ahmedraza72@gmail.com","House No. 425, Avenue 8, Gulistan Colony","Faisalabad","Punjab","38000","2019-04-05","80%",70,52,33,NA,69,NA, 98, 41,NA,NA,NA,NA,NA,55,NA,418,700,59.71,"C","Pass","Paid","Self","No","Wears corrective lenses/glasses.","hamza.raza","DoZCLxkNrD","2026-07-16T19:18:36.291Z","2026-07-16T19:18:36.291Z"
"STD943849","ADM151881", 4,"Adnan","Ansari","Male","2013-04-13",13,"Class 8","A","AB-","Islam","Pakistani","Nabeel Ansari","Rimsha Ansari","Nabeel Ansari","+923334609638","nabeelansari41@gmail.com","House No. 354, Street 8, Adyala Road","Rawalpindi","Punjab","46000","2019-04-05","78%",47,93,69,NA,46,NA, 59, 90,NA,NA,NA,NA,NA,96,NA,500,700,71.43,"A","Pass","Paid","Self","No","Allergic to peanuts.","adnan.ansari","rsAPYL3bNA","2026-07-16T19:18:36.291Z","2026-07-16T19:18:36.291Z"
"STD834546","ADM556722", 5,"Zainab","Sheikh","Female","2013-01-22",13,"Class 8","A","B-","Islam","Pakistani","Ali Sheikh","Sobia Sheikh","Ali Sheikh","+923213836984","alisheikh78@gmail.com","House No. 97, Sector-Street 4, North Nazimabad","Karachi","Sindh","74200","2019-04-05","69%",42,53,55,NA,93,NA, 59, 82,NA,NA,NA,NA,NA,71,NA,455,700,65.00,"B","Pass","Paid","Self","No","Wears corrective lenses/glasses.","zainab.sheikh","uAl66A8Mt6","2026-07-16T19:18:36.292Z","2026-07-16T19:18:36.292Z"
"STD681008","ADM797990", 6,"Saad","Shah","Male","2012-08-23",14,"Class 8","A","A-","Islam","Pakistani","Waqas Shah","Areeba Shah","Saad Shah","+923012593349","waqasshah94@gmail.com","House No. 29, Lane 15, Gari Khata","Hyderabad","Sindh","71000","2019-04-05","69%",42,37,69,NA,95,NA, 64, 52,NA,NA,NA,NA,NA,40,NA,399,700,57.00,"C","Pass","Paid","Self","No","Mild seasonal asthma; carries inhaler.","saad.shah910","SSM1wwicb@","2026-07-16T19:18:36.292Z","2026-07-16T19:18:36.292Z"
"STD242824","ADM101717", 7,"Hamza","Siddiqui","Male","2013-06-23",13,"Class 8","A","A-","Islam","Pakistani","Aamir Siddiqui","Sidra Siddiqui","Shahzaib Siddiqui","+923008852722","aamirsiddiqui35@gmail.com","House No. 331, Lane 13, Defense (DHA)","Karachi","Sindh","74200","2019-04-05","98%",99,97,58,NA,42,NA, 87, 81,NA,NA,NA,NA,NA,99,NA,563,700,80.43,"A+","Pass","Paid","Self","No","No known medical conditions or allergies.","hamza.siddiqui","INR1BJh8oM","2026-07-16T19:18:36.292Z","2026-07-16T19:18:36.292Z"
"STD629032","ADM910196", 8,"Fahad","Ahmed","Male","2012-01-05",14,"Class 8","A","AB-","Islam","Pakistani","Adnan Ahmed","Hira Ahmed","Abdullah Ahmed","+923123485553","adnanahmed21@gmail.com","House No. 307, Street 9, E-11","Islamabad","Islamabad Capital Territory","44000","2019-04-05","61%",53,81,63,NA,49,NA, 67, 63,NA,NA,NA,NA,NA,43,NA,419,700,59.86,"C","Pass","Paid","Self","No","Allergic to penicillin.","fahad.ahmed","uGBIS9qd$o","2026-07-16T19:18:36.292Z","2026-07-16T19:18:36.292Z"
"STD526463","ADM487553", 9,"Hamza","Siddiqui","Male","2012-02-11",14,"Class 8","A","B+","Christianity","Pakistani","Hamza Siddiqui","Bushra Siddiqui","Hamza Siddiqui","+923458908287","hamzasiddiqui73@gmail.com","House No. 59, Street 12, E-11","Islamabad","Islamabad Capital Territory","44000","2019-04-05","77%",80,97,57,NA,47,NA, 90, 88,NA,NA,NA,NA,NA,NA,88,547,700,78.14,"A","Pass","Paid","Self","No","Mild dust allergy.","hamza.siddiqui642","1EQUTzCPp!","2026-07-16T19:18:36.292Z","2026-07-16T19:18:36.292Z"
"STD713460","ADM751904",10,"Sana","Ahmed","Female","2012-02-24",14,"Class 8","A","O+","Islam","Pakistani","Faisal Ahmed","Kiran Ahmed","Faisal Ahmed","+923217425517","faisalahmed19@gmail.com","House No. 440, Avenue 10, Adyala Road","Rawalpindi","Punjab","46000","2019-04-05","66%",67,64,98,NA,59,NA, 96, 87,NA,NA,NA,NA,NA,78,NA,549,700,78.43,"A","Pass","Paid","Self","No","No known medical conditions or allergies.","sana.ahmed","7ynD#g#7VF","2026-07-16T19:18:36.292Z","2026-07-16T19:18:36.292Z"
"STD800711","ADM673521",11,"Rimsha","Mughal","Female","2012-11-19",14,"Class 8","B","O+","Christianity","Pakistani","Zain Mughal","Saba Mughal","Zain Mughal","+923001726470","zainmughal11@gmail.com","House No. 193, Avenue 2, University Town","Peshawar","Khyber Pakhtunkhwa","25000","2019-04-05","97%",80,53,62,NA,47,NA, 44, 94,NA,NA,NA,NA,NA,NA,64,444,700,63.43,"B","Pass","Paid","School Van","No","No medical conditions.","rimsha.mughal77","TFj$r3sPR3","2026-07-16T19:18:36.292Z","2026-07-16T19:18:36.292Z"
"STD128478","ADM313877",12,"Fiza","Raza","Female","2013-12-13",13,"Class 8","B","O-","Christianity","Pakistani","Haris Raza","Saba Raza","Haris Raza","+923334258747","harisraza42@gmail.com","House No. 122, Lane 9, Gulshan-e-Iqbal","Karachi","Sindh","74200","2019-04-05","92%",97,80,66,NA,62,NA, 50, 45,NA,NA,NA,NA,NA,NA,100,500,700,71.43,"A","Pass","Paid","School Van","No","Mild seasonal asthma; carries inhaler.","fiza.raza","fnEDsv9CfA","2026-07-16T19:18:36.292Z","2026-07-16T19:18:36.292Z"
"STD736940","ADM989102",13,"Hassan","Ali","Male","2012-12-27",14,"Class 8","B","O+","Islam","Pakistani","Fahad Ali","Sara Ali","Fahad Ali","+923456922132","fahadali22@gmail.com","House No. 402, Street 8, Citizen Colony","Hyderabad","Sindh","71000","2019-04-05","76%",71,80,49,NA,88,NA, 67, 69,NA,NA,NA,NA,NA,34,NA,458,700,65.43,"B","Pass","Paid","Self","No","Mild seasonal asthma; carries inhaler.","hassan.ali","8an8dvWuKA","2026-07-16T19:18:36.292Z","2026-07-16T19:18:36.292Z"
"STD507570","ADM060750",14,"Fatima","Ali","Female","2013-02-09",13,"Class 8","B","O+","Hinduism","Pakistani","Muhammad Ali","Sara Ali","Faisal Ali","+923337850329","muhammadali78@gmail.com","House No. 327, Street 4, Chaklala Scheme III","Rawalpindi","Punjab","46000","2019-04-05","65%",53,65,39,NA,37,NA, 66, 51,NA,NA,NA,NA,NA,NA,72,383,700,54.71,"C","Pass","Unpaid","School Van","No","No medical conditions.","fatima.ali","pLvl1YFu7c","2026-07-16T19:18:36.292Z","2026-07-16T19:18:36.292Z"
"STD366287","ADM547383",15,"Sana","Abbasi","Female","2012-09-10",14,"Class 8","B","B-","Hinduism","Pakistani","Usman Abbasi","Iqra Abbasi","Zain Abbasi","+923129695561","usmanabbasi95@gmail.com","House No. 308, Sector-Street 3, Qasimabad","Hyderabad","Sindh","71000","2019-04-05","91%",79,96,70,NA,87,NA, 84, 77,NA,NA,NA,NA,NA,NA,58,551,700,78.71,"A","Pass","Unpaid","School Van","No","Allergic to penicillin.","sana.abbasi","4WY#HYZ$dF","2026-07-16T19:18:36.292Z","2026-07-16T19:18:36.292Z"
"STD945817","ADM700735",16,"Mariam","Butt","Female","2012-07-13",14,"Class 8","B","AB-","Islam","Pakistani","Hussain Butt","Sidra Butt","Hussain Butt","+923001170013","hussainbutt86@gmail.com","House No. 117, Road 10, E-11","Islamabad","Islamabad Capital Territory","44000","2019-04-05","72%",61,52,65,NA,59,NA, 77, 86,NA,NA,NA,NA,NA,52,NA,452,700,64.57,"B","Pass","Paid","School Van","Yes","Mild seasonal asthma; carries inhaler.","mariam.butt","a7JeGX$0kG","2026-07-16T19:18:36.292Z","2026-07-16T19:18:36.292Z"
"STD536317","ADM001766",17,"Ushna","Shah","Female","2012-07-22",14,"Class 8","B","B-","Islam","Pakistani","Mustafa Shah","Fiza Shah","Mustafa Shah","+923334019401","mustafashah70@gmail.com","House No. 346, Street 1, Hayatabad Phase 1","Peshawar","Khyber Pakhtunkhwa","25000","2019-04-05","62%",92,64,96,NA,60,NA, 53, 48,NA,NA,NA,NA,NA,58,NA,471,700,67.29,"B","Pass","Paid","Self","No","Mild dust allergy.","ushna.shah","#BySquuB50","2026-07-16T19:18:36.292Z","2026-07-16T19:18:36.292Z"
"STD102962","ADM381496",18,"Sara","Shah","Female","2012-12-27",14,"Class 8","B","B+","Islam","Pakistani","Abdullah Shah","Laiba Shah","Abdullah Shah","+923215047323","abdullahshah13@gmail.com","House No. 298, Street 8, Satellite Town","Rawalpindi","Punjab","46000","2019-04-05","71%",57,86,33,NA,65,NA, 80, 69,NA,NA,NA,NA,NA,80,NA,470,700,67.14,"B","Pass","Paid","Self","No","No medical conditions.","sara.shah","XCOskyDi2I","2026-07-16T19:18:36.292Z","2026-07-16T19:18:36.292Z"
"STD462026","ADM209575",19,"Anum","Zaidi","Female","2013-02-19",13,"Class 8","B","A-","Islam","Pakistani","Abdullah Zaidi","Mariam Zaidi","Hassan Zaidi","+923025073554","abdullahzaidi98@gmail.com","House No. 305, Sector-Street 7, Samanabad","Faisalabad","Punjab","38000","2019-04-05","73%",54,89,89,NA,90,NA, 82, 95,NA,NA,NA,NA,NA,87,NA,586,700,83.71,"A+","Pass","Paid","Self","No","Mild seasonal asthma; carries inhaler.","anum.zaidi","u37rxcu5$O","2026-07-16T19:18:36.292Z","2026-07-16T19:18:36.292Z"
"STD195097","ADM925505",20,"Laiba","Siddiqui","Female","2012-06-23",14,"Class 8","B","B-","Hinduism","Pakistani","Hassan Siddiqui","Khadija Siddiqui","Hassan Siddiqui","+923027540584","hassansiddiqui57@gmail.com","House No. 479, Lane 15, Adyala Road","Rawalpindi","Punjab","46000","2019-04-05","77%",95,77,48,NA,90,NA, 40, 64,NA,NA,NA,NA,NA,NA,43,457,700,65.29,"B","Pass","Paid","Self","No","Allergic to peanuts.","laiba.siddiqui","K9p$zihg6D","2026-07-16T19:18:36.292Z","2026-07-16T19:18:36.292Z"
"STD377715","ADM027379",21,"Ahmed","Jamil","Male","2013-09-26",13,"Class 8","C","O-","Christianity","Pakistani","Junaid Jamil","Areeba Jamil","Junaid Jamil","+923026322009","junaidjamil44@gmail.com","House No. 338, Lane 4, PECHS","Karachi","Sindh","74200","2019-04-05","86%",99,88,78,NA,77,NA, 94, 41,NA,NA,NA,NA,NA,NA,51,528,700,75.43,"A","Pass","Unpaid","School Van","No","Allergic to peanuts.","ahmed.jamil","IuPtdd1tyT","2026-07-16T19:18:36.292Z","2026-07-16T19:18:36.292Z"
"STD632617","ADM224355",22,"Haris","Siddiqui","Male","2013-06-22",13,"Class 8","C","AB-","Islam","Pakistani","Nabeel Siddiqui","Mahnoor Siddiqui","Nabeel Siddiqui","+923213106182","nabeelsiddiqui27@gmail.com","House No. 456, Road 14, Ring Road","Peshawar","Khyber Pakhtunkhwa","25000","2019-04-05","71%",47,60,89,NA,59,NA, 75, 82,NA,NA,NA,NA,NA,33,NA,445,700,63.57,"B","Pass","Paid","School Van","No","No medical conditions.","haris.siddiqui","o#1Jau85tm","2026-07-16T19:18:36.292Z","2026-07-16T19:18:36.292Z"
"STD088784","ADM329826",23,"Faisal","Yousafzai","Male","2013-10-02",13,"Class 8","C","O+","Islam","Pakistani","Junaid Yousafzai","Rimsha Yousafzai","Junaid Yousafzai","+923459946933","junaidyousafzai73@gmail.com","House No. 246, Sector-Street 3, Bani Gala","Islamabad","Islamabad Capital Territory","44000","2019-04-05","78%",35,69,65,NA,92,NA, 78, 44,NA,NA,NA,NA,NA,46,NA,429,700,61.29,"B","Pass","Paid","School Van","No","Allergic to peanuts.","faisal.yousafzai","qEhOJFdoDY","2026-07-16T19:18:36.292Z","2026-07-16T19:18:36.292Z"
"STD040749","ADM183581",24,"Zeeshan","Mughal","Male","2012-11-19",14,"Class 8","C","AB-","Islam","Pakistani","Bilal Mughal","Rimsha Mughal","Bilal Mughal","+923211509236","bilalmughal23@gmail.com","House No. 50, Lane 15, Cantt","Multan","Punjab","60000","2019-04-05","60%",92,45,63,NA,56,NA, 92, 52,NA,NA,NA,NA,NA,83,NA,483,700,69.00,"B","Pass","Paid","Self","No","Mild seasonal asthma; carries inhaler.","zeeshan.mughal","wVFEv@aMrY","2026-07-16T19:18:36.292Z","2026-07-16T19:18:36.292Z"
"STD138860","ADM350996",25,"Usman","Ali","Male","2012-04-28",14,"Class 8","C","AB+","Islam","Pakistani","Junaid Ali","Mahnoor Ali","Junaid Ali","+923017338224","junaidali41@gmail.com","House No. 244, Road 8, Adyala Road","Rawalpindi","Punjab","46000","2019-04-05","85%",46,60,68,NA,93,NA, 74, 90,NA,NA,NA,NA,NA,38,NA,469,700,67.00,"B","Pass","Paid","Self","No","No known medical conditions or allergies.","usman.ali","BOamwu3SvU","2026-07-16T19:18:36.292Z","2026-07-16T19:18:36.292Z"
"STD415766","ADM982204",26,"Haris","Hashmi","Male","2012-06-10",14,"Class 8","C","O-","Islam","Pakistani","Shahzaib Hashmi","Fatima Hashmi","Shahzaib Hashmi","+923018997608","shahzaibhashmi87@gmail.com","House No. 124, Sector-Street 15, Johar Town","Lahore","Punjab","54000","2019-04-05","71%",48,39,66,NA,84,NA, 66, 98,NA,NA,NA,NA,NA,90,NA,491,700,70.14,"A","Pass","Paid","School Van","No","Allergic to penicillin.","haris.hashmi","vTMEniS8eb","2026-07-16T19:18:36.292Z","2026-07-16T19:18:36.292Z"
"STD264567","ADM692422",27,"Usman","Sheikh","Male","2012-02-17",14,"Class 8","C","B+","Islam","Pakistani","Ali Sheikh","Bushra Sheikh","Ali Sheikh","+923026497160","alisheikh57@gmail.com","House No. 160, Avenue 10, Clifton","Karachi","Sindh","74200","2019-04-05","79%",36,45,76,NA,38,NA, 96, 49,NA,NA,NA,NA,NA,63,NA,403,700,57.57,"C","Pass","Paid","Self","No","Mild dust allergy.","usman.sheikh","@LA3D06vQZ","2026-07-16T19:18:36.292Z","2026-07-16T19:18:36.292Z"
"STD458845","ADM035092",28,"Zeeshan","Siddiqui","Male","2013-09-02",13,"Class 8","C","A+","Islam","Pakistani","Zeeshan Siddiqui","Mahnoor Siddiqui","Zeeshan Siddiqui","+923333488021","zeeshansiddiqui70@gmail.com","House No. 241, Avenue 7, North Nazimabad","Karachi","Sindh","74200","2019-04-05","71%",74,79,48,NA,75,NA, 55, 87,NA,NA,NA,NA,NA,58,NA,476,700,68.00,"B","Pass","Paid","Self","No","No medical conditions.","zeeshan.siddiqui362","5JaUfgaMLK","2026-07-16T19:18:36.292Z","2026-07-16T19:18:36.292Z"
"STD406304","ADM973913",29,"Iqra","Shah","Female","2012-11-13",14,"Class 8","C","AB+","Christianity","Pakistani","Mustafa Shah","Nida Shah","Mustafa Shah","+923022526754","mustafashah76@gmail.com","House No. 316, Sector-Street 15, Adyala Road","Rawalpindi","Punjab","46000","2019-04-05","90%",49,80,90,NA,37,NA, 79, 85,NA,NA,NA,NA,NA,NA,35,455,700,65.00,"B","Pass","Paid","School Van","No","Mild dust allergy.","iqra.shah","pqmmytvq6q","2026-07-16T19:18:36.292Z","2026-07-16T19:18:36.292Z"
"STD539496","ADM052989",30,"Zainab","Yousafzai","Female","2012-05-10",14,"Class 8","C","B-","Islam","Pakistani","Zeeshan Yousafzai","Sumaira Yousafzai","Zeeshan Yousafzai","+923459163745","zeeshanyousafzai95@gmail.com","House No. 135, Avenue 13, Saddar","Hyderabad","Sindh","71000","2019-04-05","92%",66,58,68,NA,76,NA, 50, 87,NA,NA,NA,NA,NA,83,NA,488,700,69.71,"B","Pass","Paid","Self","No","Allergic to peanuts.","zainab.yousafzai","QIU0ElQWhp","2026-07-16T19:18:36.292Z","2026-07-16T19:18:36.292Z"
"STD874543","ADM744978", 1,"Sadia","Sheikh","Female","2012-11-21",14,"Class 9","A","O-","Christianity","Pakistani","Hassan Sheikh","Anum Sheikh","Usman Sheikh","+923023174915","hassansheikh54@gmail.com","House No. 69, Street 1, Jinnah Road","Quetta","Balochistan","87300","2018-04-05","90%",88,80,63,NA,NA,NA,NA,NA,75,87,95,NA,NA,NA,77,565,700,80.71,"A+","Pass","Paid","Self","No","Allergic to peanuts.","sadia.sheikh","uEqFQL8!Mp","2026-07-16T19:18:36.333Z","2026-07-16T19:18:36.333Z"
"STD744767","ADM680287", 2,"Hussain","Shah","Male","2012-12-21",14,"Class 9","A","A+","Islam","Pakistani","Raza Shah","Amna Shah","Raza Shah","+923455840848","razashah24@gmail.com","House No. 141, Road 9, Batala Colony","Faisalabad","Punjab","38000","2018-04-05","75%",51,41,43,NA,NA,NA,NA,NA,75,44,NA,93,NA,42,NA,389,700,55.57,"C","Pass","Paid","Self","Yes","No medical conditions.","hussain.shah","ZQ6hOby!vi","2026-07-16T19:18:36.333Z","2026-07-16T19:18:36.333Z"
"STD845779","ADM052759", 3,"Junaid","Yousafzai","Male","2012-11-12",14,"Class 9","A","A+","Islam","Pakistani","Raza Yousafzai","Saba Yousafzai","Ali Yousafzai","+923026276100","razayousafzai48@gmail.com","House No. 140, Lane 11, Cantt","Quetta","Balochistan","87300","2018-04-05","83%",46,75,55,NA,NA,NA,NA,NA,67,40,NA,53,NA,54,NA,390,700,55.71,"C","Pass","Unpaid","School Van","No","Allergic to penicillin.","junaid.yousafzai734","!6eXlWabL6","2026-07-16T19:18:36.333Z","2026-07-16T19:18:36.333Z"
"STD485253","ADM697010", 4,"Areeba","Farooqi","Female","2011-06-07",15,"Class 9","A","O-","Hinduism","Pakistani","Shahzaib Farooqi","Laiba Farooqi","Shahzaib Farooqi","+923129183926","shahzaibfarooqi93@gmail.com","House No. 462, Street 8, Boson Road","Multan","Punjab","60000","2018-04-05","79%",51,52,61,NA,NA,NA,NA,NA,97,100,NA,71,NA,NA,100,532,700,76.00,"A","Pass","Unpaid","Self","No","No medical conditions.","areeba.farooqi","$zth#f@z#V","2026-07-16T19:18:36.333Z","2026-07-16T19:18:36.333Z"
"STD541020","ADM626119", 5,"Mahnoor","Jamil","Female","2011-08-02",15,"Class 9","A","A-","Christianity","Pakistani","Asad Jamil","Laiba Jamil","Asad Jamil","+923011077822","asadjamil66@gmail.com","House No. 300, Avenue 2, Satellite Town","Quetta","Balochistan","87300","2018-04-05","84%",60,82,42,NA,NA,NA,NA,NA,97,100,35,NA,NA,NA,91,507,700,72.43,"A","Pass","Paid","School Van","No","No known medical conditions or allergies.","mahnoor.jamil","QDpcoRNvxQ","2026-07-16T19:18:36.333Z","2026-07-16T19:18:36.333Z"
"STD735479","ADM886669", 6,"Ahmed","Farooqi","Male","2012-08-04",14,"Class 9","A","AB+","Hinduism","Pakistani","Aamir Farooqi","Wajiha Farooqi","Talha Farooqi","+923012548071","aamirfarooqi39@gmail.com","House No. 289, Road 3, Warsak Road","Peshawar","Khyber Pakhtunkhwa","25000","2018-04-05","79%",54,56,34,NA,NA,NA,NA,NA,49,54,93,NA,NA,NA,53,393,700,56.14,"C","Pass","Paid","School Van","No","Allergic to peanuts.","ahmed.farooqi","hFVtvSaSP6","2026-07-16T19:18:36.333Z","2026-07-16T19:18:36.333Z"
"STD331870","ADM066226", 7,"Javerya","Yousafzai","Female","2011-06-21",15,"Class 9","A","O-","Islam","Pakistani","Saad Yousafzai","Wajiha Yousafzai","Saad Yousafzai","+923455124646","saadyousafzai49@gmail.com","House No. 255, Lane 10, Cantt","Quetta","Balochistan","87300","2018-04-05","77%",63,48,82,NA,NA,NA,NA,NA,65,69,NA,84,NA,38,NA,449,700,64.14,"B","Pass","Paid","School Van","No","Allergic to penicillin.","javerya.yousafzai","2WMUx2hq7h","2026-07-16T19:18:36.333Z","2026-07-16T19:18:36.333Z"
"STD777667","ADM382579", 8,"Usman","Ali","Male","2012-05-07",14,"Class 9","A","A+","Islam","Pakistani","Aamir Ali","Tayyaba Ali","Aamir Ali","+923004558151","aamirali52@gmail.com","House No. 414, Avenue 13, Hayatabad Phase 1","Peshawar","Khyber Pakhtunkhwa","25000","2018-04-05","87%",81,70,85,NA,NA,NA,NA,NA,60,67,71,NA,NA,83,NA,517,700,73.86,"A","Pass","Paid","Self","No","No medical conditions.","usman.ali975","QNOW@NTAJx","2026-07-16T19:18:36.333Z","2026-07-16T19:18:36.334Z"
"STD183848","ADM673156", 9,"Asad","Raza","Male","2012-03-12",14,"Class 9","A","A+","Islam","Pakistani","Yasir Raza","Hira Raza","Daniyal Raza","+923454597609","yasirraza74@gmail.com","House No. 328, Street 1, Citizen Colony","Hyderabad","Sindh","71000","2018-04-05","91%",64,67,97,NA,NA,NA,NA,NA,58,89,NA,98,NA,81,NA,554,700,79.14,"A","Pass","Paid","School Van","No","Wears corrective lenses/glasses.","asad.raza82","Y6TX$NA6hG","2026-07-16T19:18:36.334Z","2026-07-16T19:18:36.334Z"
"STD686676","ADM307477",10,"Abdullah","Khan","Male","2012-12-27",14,"Class 9","A","O+","Christianity","Pakistani","Junaid Khan","Areeba Khan","Junaid Khan","+923027702285","junaidkhan52@gmail.com","House No. 277, Road 13, Shah Rukn-e-Alam","Multan","Punjab","60000","2018-04-05","99%",92,79,88,NA,NA,NA,NA,NA,74,46,NA,85,NA,NA,51,515,700,73.57,"A","Pass","Paid","Self","No","Allergic to peanuts.","abdullah.khan12","JQ!5quGnjm","2026-07-16T19:18:36.334Z","2026-07-16T19:18:36.334Z"
"STD562424","ADM397681",11,"Hussain","Jamil","Male","2011-08-12",15,"Class 9","B","B-","Islam","Pakistani","Daniyal Jamil","Saba Jamil","Daniyal Jamil","+923024062383","daniyaljamil70@gmail.com","House No. 79, Road 15, Bahria Town","Rawalpindi","Punjab","46000","2018-04-05","100%",36,78,36,NA,NA,NA,NA,NA,97,39,NA,74,NA,95,NA,455,700,65.00,"B","Pass","Paid","School Van","No","Mild dust allergy.","hussain.jamil","MDE@F6vYdf","2026-07-16T19:18:36.334Z","2026-07-16T19:18:36.334Z"
"STD966630","ADM259220",12,"Fatima","Sheikh","Female","2012-11-03",14,"Class 9","B","AB+","Christianity","Pakistani","Nabeel Sheikh","Wajiha Sheikh","Nabeel Sheikh","+923218538125","nabeelsheikh26@gmail.com","House No. 458, Road 6, Hayatabad Phase 1","Peshawar","Khyber Pakhtunkhwa","25000","2018-04-05","74%",89,83,42,NA,NA,NA,NA,NA,78,93,NA,36,NA,NA,98,519,700,74.14,"A","Pass","Paid","Self","No","No known medical conditions or allergies.","fatima.sheikh","cAO4eERITo","2026-07-16T19:18:36.334Z","2026-07-16T19:18:36.334Z"
"STD853588","ADM714601",13,"Laiba","Siddiqui","Female","2011-09-03",15,"Class 9","B","AB-","Hinduism","Pakistani","Ali Siddiqui","Fiza Siddiqui","Ali Siddiqui","+923215329687","alisiddiqui52@gmail.com","House No. 329, Lane 2, Double Road","Quetta","Balochistan","87300","2018-04-05","75%",69,52,71,NA,NA,NA,NA,NA,90,89,NA,88,NA,NA,60,519,700,74.14,"A","Pass","Paid","School Van","No","Allergic to penicillin.","laiba.siddiqui779","gzzlNJ4wS0","2026-07-16T19:18:36.334Z","2026-07-16T19:18:36.334Z"
"STD489767","ADM226277",14,"Zain","Yousafzai","Male","2012-07-20",14,"Class 9","B","B-","Christianity","Pakistani","Hussain Yousafzai","Fiza Yousafzai","Hussain Yousafzai","+923029606298","hussainyousafzai12@gmail.com","House No. 307, Sector-Street 1, Jinnah Road","Quetta","Balochistan","87300","2018-04-05","69%",36,47,51,NA,NA,NA,NA,NA,46,85,79,NA,NA,NA,66,410,700,58.57,"C","Pass","Paid","Self","No","No medical conditions.","zain.yousafzai","stYz8uLwPV","2026-07-16T19:18:36.334Z","2026-07-16T19:18:36.334Z"
"STD743878","ADM003580",15,"Abdullah","Qureshi","Male","2012-12-15",14,"Class 9","B","AB+","Islam","Pakistani","Zain Qureshi","Sidra Qureshi","Zain Qureshi","+923335222528","zainqureshi97@gmail.com","House No. 356, Lane 7, Shah Rukn-e-Alam","Multan","Punjab","60000","2018-04-05","97%",63,72,92,NA,NA,NA,NA,NA,37,97,81,NA,NA,38,NA,480,700,68.57,"B","Pass","Paid","Self","No","Wears corrective lenses/glasses.","abdullah.qureshi","8uckRJzSo6","2026-07-16T19:18:36.334Z","2026-07-16T19:18:36.334Z"
"STD352498","ADM701475",16,"Areeba","Zaidi","Female","2011-01-06",15,"Class 9","B","AB-","Hinduism","Pakistani","Muhammad Zaidi","Ushna Zaidi","Muhammad Zaidi","+923009823562","muhammadzaidi37@gmail.com","House No. 156, Street 2, Bahria Town","Rawalpindi","Punjab","46000","2018-04-05","67%",82,90,88,NA,NA,NA,NA,NA,38,63,70,NA,NA,NA,38,469,700,67.00,"B","Pass","Paid","Self","No","No medical conditions.","areeba.zaidi","m3oEKjF9VK","2026-07-16T19:18:36.334Z","2026-07-16T19:18:36.334Z"
"STD206411","ADM575565",17,"Hamza","Chaudhry","Male","2011-12-18",15,"Class 9","B","A-","Islam","Pakistani","Junaid Chaudhry","Areeba Chaudhry","Junaid Chaudhry","+923331978627","junaidchaudhry44@gmail.com","House No. 249, Lane 13, North Nazimabad","Karachi","Sindh","74200","2018-04-05","74%",79,46,78,NA,NA,NA,NA,NA,53,34,47,NA,NA,52,NA,389,700,55.57,"C","Pass","Paid","Self","No","No medical conditions.","hamza.chaudhry","yydBzOwcVX","2026-07-16T19:18:36.334Z","2026-07-16T19:18:36.334Z"
"STD771302","ADM546645",18,"Sumaira","Zaidi","Female","2012-11-20",14,"Class 9","B","A+","Islam","Pakistani","Saad Zaidi","Kiran Zaidi","Saad Zaidi","+923015050200","saadzaidi88@gmail.com","House No. 176, Avenue 11, Bahria Town","Rawalpindi","Punjab","46000","2018-04-05","82%",45,95,62,NA,NA,NA,NA,NA,88,50,NA,68,NA,41,NA,449,700,64.14,"B","Pass","Paid","Self","No","Mild seasonal asthma; carries inhaler.","sumaira.zaidi91","L5$EHJb04u","2026-07-16T19:18:36.334Z","2026-07-16T19:18:36.334Z"
"STD095584","ADM774425",19,"Sara","Hashmi","Female","2012-01-14",14,"Class 9","B","O-","Christianity","Pakistani","Hussain Hashmi","Fiza Hashmi","Hussain Hashmi","+923338958211","hussainhashmi96@gmail.com","House No. 258, Road 5, PECHS","Karachi","Sindh","74200","2018-04-05","78%",92,51,57,NA,NA,NA,NA,NA,47,96,NA,39,NA,NA,46,428,700,61.14,"B","Pass","Paid","School Van","No","Allergic to penicillin.","sara.hashmi","TN9EZsxphR","2026-07-16T19:18:36.334Z","2026-07-16T19:18:36.334Z"
"STD085369","ADM534121",20,"Nabeel","Jamil","Male","2011-04-04",15,"Class 9","B","B-","Islam","Pakistani","Abdullah Jamil","Hira Jamil","Abdullah Jamil","+923009992806","abdullahjamil49@gmail.com","House No. 404, Road 11, PECHS","Karachi","Sindh","74200","2018-04-05","73%",39,33,62,NA,NA,NA,NA,NA,70,46,NA,78,NA,96,NA,424,700,60.57,"B","Pass","Paid","Self","No","Wears corrective lenses/glasses.","nabeel.jamil583","DNEm2Ep3MB","2026-07-16T19:18:36.334Z","2026-07-16T19:18:36.334Z"
"STD269135","ADM739840",21,"Zain","Yousafzai","Male","2011-05-27",15,"Class 9","C","O+","Islam","Pakistani","Fahad Yousafzai","Ushna Yousafzai","Fahad Yousafzai","+923011301325","fahadyousafzai50@gmail.com","House No. 323, Lane 15, Federal B Area","Karachi","Sindh","74200","2018-04-05","67%",56,74,100,NA,NA,NA,NA,NA,38,82,NA,96,NA,88,NA,534,700,76.29,"A","Pass","Paid","School Van","Yes","Allergic to penicillin.","zain.yousafzai200","$#FjvDI!Hi","2026-07-16T19:18:36.334Z","2026-07-16T19:18:36.334Z"
"STD085731","ADM730939",22,"Ayesha","Qureshi","Female","2012-06-07",14,"Class 9","C","AB-","Christianity","Pakistani","Ahmed Qureshi","Sidra Qureshi","Ahmed Qureshi","+923002456492","ahmedqureshi46@gmail.com","House No. 239, Sector-Street 9, Double Road","Quetta","Balochistan","87300","2018-04-05","69%",46,96,79,NA,NA,NA,NA,NA,51,95,NA,59,NA,NA,75,501,700,71.57,"A","Pass","Paid","Self","No","Wears corrective lenses/glasses.","ayesha.qureshi","k3ip7jauAR","2026-07-16T19:18:36.334Z","2026-07-16T19:18:36.334Z"
"STD021307","ADM720302",23,"Saba","Ahmed","Female","2012-01-27",14,"Class 9","C","A+","Islam","Pakistani","Raza Ahmed","Sana Ahmed","Raza Ahmed","+923451583953","razaahmed37@gmail.com","House No. 377, Sector-Street 13, Chaklala Scheme III","Rawalpindi","Punjab","46000","2018-04-05","98%",55,80,82,NA,NA,NA,NA,NA,100,89,78,NA,NA,63,NA,547,700,78.14,"A","Pass","Paid","School Van","No","No medical conditions.","saba.ahmed474","HZ!wLwPZKb","2026-07-16T19:18:36.334Z","2026-07-16T19:18:36.334Z"
"STD665144","ADM840817",24,"Mehak","Khan","Female","2011-10-03",15,"Class 9","C","A-","Islam","Pakistani","Kamran Khan","Zainab Khan","Kamran Khan","+923023313400","kamrankhan72@gmail.com","House No. 472, Avenue 10, Gulistan Colony","Faisalabad","Punjab","38000","2018-04-05","79%",70,95,44,NA,NA,NA,NA,NA,60,80,NA,56,NA,78,NA,483,700,69.00,"B","Pass","Paid","School Van","No","Wears corrective lenses/glasses.","mehak.khan","YpSwfc@UmV","2026-07-16T19:18:36.334Z","2026-07-16T19:18:36.334Z"
"STD503138","ADM117371",25,"Mehak","Khan","Female","2012-01-04",14,"Class 9","C","AB+","Islam","Pakistani","Omar Khan","Nida Khan","Omar Khan","+923012066249","omarkhan56@gmail.com","House No. 119, Road 6, Adyala Road","Rawalpindi","Punjab","46000","2018-04-05","67%",57,93,52,NA,NA,NA,NA,NA,43,40,45,NA,NA,99,NA,429,700,61.29,"B","Pass","Paid","Self","No","No medical conditions.","mehak.khan960","lRbzYCIiUJ","2026-07-16T19:18:36.334Z","2026-07-16T19:18:36.334Z"
"STD502530","ADM598827",26,"Amna","Hashmi","Female","2012-04-14",14,"Class 9","C","B+","Islam","Pakistani","Ahmed Hashmi","Bushra Hashmi","Ahmed Hashmi","+923128931076","ahmedhashmi76@gmail.com","House No. 263, Avenue 1, Bahria Town","Rawalpindi","Punjab","46000","2018-04-05","66%",83,72,89,NA,NA,NA,NA,NA,96,76,NA,60,NA,54,NA,530,700,75.71,"A","Pass","Paid","School Van","No","Wears corrective lenses/glasses.","amna.hashmi220","JxKSawdmER","2026-07-16T19:18:36.334Z","2026-07-16T19:18:36.334Z"
"STD318465","ADM847560",27,"Ushna","Sheikh","Female","2011-09-24",15,"Class 9","C","A-","Islam","Pakistani","Hussain Sheikh","Sobia Sheikh","Hussain Sheikh","+923011716071","hussainsheikh15@gmail.com","House No. 113, Street 2, Hayatabad Phase 1","Peshawar","Khyber Pakhtunkhwa","25000","2018-04-05","67%",92,91,98,NA,NA,NA,NA,NA,46,42,56,NA,NA,88,NA,513,700,73.29,"A","Pass","Paid","School Van","No","No medical conditions.","ushna.sheikh","QoUHZRokKF","2026-07-16T19:18:36.334Z","2026-07-16T19:18:36.334Z"
"STD611648","ADM839933",28,"Hamza","Ahmed","Male","2012-11-06",14,"Class 9","C","AB-","Hinduism","Pakistani","Mustafa Ahmed","Ushna Ahmed","Mustafa Ahmed","+923338033264","mustafaahmed21@gmail.com","House No. 156, Lane 1, Sector G-11","Islamabad","Islamabad Capital Territory","44000","2018-04-05","81%",94,44,94,NA,NA,NA,NA,NA,90,33,NA,45,NA,NA,40,440,700,62.86,"B","Pass","Paid","Self","No","Allergic to peanuts.","hamza.ahmed","yDjc@QeJP8","2026-07-16T19:18:36.334Z","2026-07-16T19:18:36.334Z"
"STD588377","ADM516858",29,"Ali","Yousafzai","Male","2012-06-26",14,"Class 9","C","B+","Islam","Pakistani","Abdullah Yousafzai","Alisha Yousafzai","Waqas Yousafzai","+923013389063","abdullahyousafzai46@gmail.com","House No. 13, Road 4, Batala Colony","Faisalabad","Punjab","38000","2018-04-05","63%",49,83,94,NA,NA,NA,NA,NA,87,57,NA,49,NA,73,NA,492,700,70.29,"A","Pass","Unpaid","Self","No","Allergic to peanuts.","ali.yousafzai","SB5PR@4yVf","2026-07-16T19:18:36.334Z","2026-07-16T19:18:36.334Z"
"STD229380","ADM695666",30,"Fatima","Yousafzai","Female","2011-09-10",15,"Class 9","C","A+","Islam","Pakistani","Haris Yousafzai","Kiran Yousafzai","Haris Yousafzai","+923334650382","harisyousafzai53@gmail.com","House No. 36, Street 2, Multan Public School Road","Multan","Punjab","60000","2018-04-05","83%",92,80,83,NA,NA,NA,NA,NA,79,71,NA,34,NA,68,NA,507,700,72.43,"A","Pass","Paid","Self","No","Wears corrective lenses/glasses.","fatima.yousafzai","c@Kug@8Drl","2026-07-16T19:18:36.334Z","2026-07-16T19:18:36.334Z"
"STD087655","ADM728727", 1,"Sobia","Raza","Female","2011-11-12",15,"Class 10","A","B-","Hinduism","Pakistani","Saad Raza","Amna Raza","Saad Raza","+923025406650","saadraza45@gmail.com","House No. 189, Lane 14, PECHS","Karachi","Sindh","74200","2017-04-05","94%",86,98,47,NA,NA,NA,NA,NA,56,80,33,NA,81,NA,41,522,800,65.25,"B","Pass","Paid","Self","No","Wears corrective lenses/glasses.","sobia.raza","#Cpfa1Vc2k","2026-07-16T19:18:36.334Z","2026-07-16T19:18:36.334Z"
"STD313938","ADM957946", 2,"Sana","Sheikh","Female","2010-08-08",16,"Class 10","A","AB+","Islam","Pakistani","Omar Sheikh","Sadia Sheikh","Omar Sheikh","+923007499848","omarsheikh23@gmail.com","House No. 250, Street 14, Saddar","Rawalpindi","Punjab","46000","2017-04-05","71%",54,63,79,NA,NA,NA,NA,NA,50,77,44,NA,54,92,NA,513,800,64.13,"B","Pass","Paid","Self","No","Allergic to penicillin.","sana.sheikh","avkQEfdEMM","2026-07-16T19:18:36.334Z","2026-07-16T19:18:36.334Z"
"STD200940","ADM370411", 3,"Saba","Abbasi","Female","2011-02-02",15,"Class 10","A","O+","Christianity","Pakistani","Abdullah Abbasi","Alisha Abbasi","Adnan Abbasi","+923214100099","abdullahabbasi53@gmail.com","House No. 443, Lane 2, Madina Town","Faisalabad","Punjab","38000","2017-04-05","95%",97,95,81,NA,NA,NA,NA,NA,43,76,62,NA,48,NA,57,559,800,69.88,"B","Pass","Unpaid","Self","No","Wears corrective lenses/glasses.","saba.abbasi","@FEUBVpf9N","2026-07-16T19:18:36.334Z","2026-07-16T19:18:36.334Z"
"STD076306","ADM537749", 4,"Ushna","Ahmed","Female","2011-11-27",15,"Class 10","A","AB-","Islam","Pakistani","Saad Ahmed","Rimsha Ahmed","Saad Ahmed","+923124728449","saadahmed89@gmail.com","House No. 14, Street 9, Citizen Colony","Hyderabad","Sindh","71000","2017-04-05","99%",86,85,42,NA,NA,NA,NA,NA,94,95,NA,64,100,36,NA,602,800,75.25,"A","Pass","Paid","School Van","No","Wears corrective lenses/glasses.","ushna.ahmed","dXxdYFN5WA","2026-07-16T19:18:36.334Z","2026-07-16T19:18:36.334Z"
"STD817193","ADM125320", 5,"Zain","Mughal","Male","2011-10-01",15,"Class 10","A","AB-","Islam","Pakistani","Yasir Mughal","Sidra Mughal","Yasir Mughal","+923333044064","yasirmughal95@gmail.com","House No. 259, Road 3, Peshawar Cantt","Peshawar","Khyber Pakhtunkhwa","25000","2017-04-05","70%",98,49,99,NA,NA,NA,NA,NA,70,70,NA,78,56,91,NA,611,800,76.38,"A","Pass","Paid","Self","No","No medical conditions.","zain.mughal184","TUA8MxpA#2","2026-07-16T19:18:36.334Z","2026-07-16T19:18:36.334Z"
"STD489737","ADM020653", 6,"Tayyaba","Ansari","Female","2011-04-20",15,"Class 10","A","AB-","Christianity","Pakistani","Ahmed Ansari","Fatima Ansari","Ahmed Ansari","+923013363049","ahmedansari39@gmail.com","House No. 406, Road 15, Peshawar Cantt","Peshawar","Khyber Pakhtunkhwa","25000","2017-04-05","93%",76,46,88,NA,NA,NA,NA,NA,61,80,58,NA,68,NA,95,572,800,71.50,"A","Pass","Paid","Self","No","Allergic to peanuts.","tayyaba.ansari","ab2QOFz3ch","2026-07-16T19:18:36.334Z","2026-07-16T19:18:36.334Z"
"STD581484","ADM645733", 7,"Junaid","Raza","Male","2011-11-20",15,"Class 10","A","B-","Islam","Pakistani","Zain Raza","Mariam Raza","Zain Raza","+923217927865","zainraza36@gmail.com","House No. 276, Street 4, Cantt","Multan","Punjab","60000","2017-04-05","67%",78,67,78,NA,NA,NA,NA,NA,40,77,38,NA,92,48,NA,518,800,64.75,"B","Pass","Paid","School Van","No","Mild seasonal asthma; carries inhaler.","junaid.raza","$nb0ttiu4z","2026-07-16T19:18:36.334Z","2026-07-16T19:18:36.334Z"
"STD468253","ADM455269", 8,"Saba","Farooqi","Female","2011-09-15",15,"Class 10","A","AB+","Islam","Pakistani","Zeeshan Farooqi","Javerya Farooqi","Zeeshan Farooqi","+923128761309","zeeshanfarooqi74@gmail.com","House No. 452, Avenue 6, Cantt","Multan","Punjab","60000","2017-04-05","74%",44,51,35,NA,NA,NA,NA,NA,87,85,NA,95,88,39,NA,524,800,65.50,"B","Pass","Paid","Self","No","Mild dust allergy.","saba.farooqi","aJ!ZlHG1aI","2026-07-16T19:18:36.334Z","2026-07-16T19:18:36.334Z"
"STD781139","ADM756092", 9,"Yasir","Butt","Male","2010-01-20",16,"Class 10","A","AB+","Islam","Pakistani","Aamir Butt","Sumaira Butt","Aamir Butt","+923455755214","aamirbutt84@gmail.com","House No. 125, Lane 5, Multan Public School Road","Multan","Punjab","60000","2017-04-05","70%",44,97,82,NA,NA,NA,NA,NA,82,48,71,NA,50,40,NA,514,800,64.25,"B","Pass","Paid","School Van","No","No medical conditions.","yasir.butt","@8OPc6Pf8L","2026-07-16T19:18:36.334Z","2026-07-16T19:18:36.334Z"
"STD633308","ADM969602",10,"Omar","Hashmi","Male","2010-05-16",16,"Class 10","A","B+","Islam","Pakistani","Kamran Hashmi","Javerya Hashmi","Aamir Hashmi","+923331766220","kamranhashmi79@gmail.com","House No. 75, Street 5, Chaklala Scheme III","Rawalpindi","Punjab","46000","2017-04-05","61%",33,42,59,NA,NA,NA,NA,NA,45,49,98,NA,59,67,NA,452,800,56.50,"C","Pass","Paid","School Van","No","Wears corrective lenses/glasses.","omar.hashmi39","t1tGsJncrm","2026-07-16T19:18:36.334Z","2026-07-16T19:18:36.334Z"
"STD073561","ADM910676",11,"Asad","Chaudhry","Male","2011-04-14",15,"Class 10","B","B-","Islam","Pakistani","Faisal Chaudhry","Sumaira Chaudhry","Faisal Chaudhry","+923011695566","faisalchaudhry80@gmail.com","House No. 180, Road 1, Gari Khata","Hyderabad","Sindh","71000","2017-04-05","62%",55,56,57,NA,NA,NA,NA,NA,90,98,35,NA,77,51,NA,519,800,64.88,"B","Pass","Paid","School Van","No","Mild dust allergy.","asad.chaudhry","FPgiar$tws","2026-07-16T19:18:36.334Z","2026-07-16T19:18:36.335Z"
"STD359735","ADM111415",12,"Faisal","Malik","Male","2010-10-15",16,"Class 10","B","O+","Islam","Pakistani","Talha Malik","Alisha Malik","Usman Malik","+923215981782","talhamalik64@gmail.com","House No. 397, Sector-Street 6, Chaklala Scheme III","Rawalpindi","Punjab","46000","2017-04-05","89%",94,72,58,NA,NA,NA,NA,NA,80,44,NA,70,82,97,NA,597,800,74.63,"A","Pass","Paid","Self","No","Allergic to penicillin.","faisal.malik","GtLjL4FxGG","2026-07-16T19:18:36.335Z","2026-07-16T19:18:36.335Z"
"STD835522","ADM501343",13,"Wajiha","Hashmi","Female","2010-06-17",16,"Class 10","B","B-","Islam","Pakistani","Zain Hashmi","Fiza Hashmi","Daniyal Hashmi","+923211550621","zainhashmi21@gmail.com","House No. 334, Sector-Street 9, Federal B Area","Karachi","Sindh","74200","2017-04-05","80%",43,39,39,NA,NA,NA,NA,NA,72,39,NA,35,99,74,NA,440,800,55.00,"C","Pass","Paid","School Van","No","Mild seasonal asthma; carries inhaler.","wajiha.hashmi560","l88l1x4mzF","2026-07-16T19:18:36.335Z","2026-07-16T19:18:36.335Z"
"STD164632","ADM825788",14,"Sara","Malik","Female","2010-12-21",16,"Class 10","B","A-","Islam","Pakistani","Adnan Malik","Rimsha Malik","Adnan Malik","+923219282611","adnanmalik33@gmail.com","House No. 12, Road 15, North Nazimabad","Karachi","Sindh","74200","2017-04-05","77%",40,57,60,NA,NA,NA,NA,NA,50,58,NA,99,75,88,NA,527,800,65.88,"B","Pass","Paid","School Van","No","Wears corrective lenses/glasses.","sara.malik","oDEXUJh5YV","2026-07-16T19:18:36.335Z","2026-07-16T19:18:36.335Z"
"STD036701","ADM721238",15,"Ali","Qureshi","Male","2011-02-15",15,"Class 10","B","O+","Hinduism","Pakistani","Usman Qureshi","Javerya Qureshi","Usman Qureshi","+923029127432","usmanqureshi85@gmail.com","House No. 340, Road 8, Gulgasht Colony","Multan","Punjab","60000","2017-04-05","74%",89,57,34,NA,NA,NA,NA,NA,72,42,NA,84,79,NA,79,536,800,67.00,"B","Pass","Paid","Self","No","No known medical conditions or allergies.","ali.qureshi","#E4l15HRJD","2026-07-16T19:18:36.335Z","2026-07-16T19:18:36.335Z"
"STD925214","ADM624119",16,"Junaid","Jamil","Male","2010-05-08",16,"Class 10","B","B-","Hinduism","Pakistani","Adnan Jamil","Mariam Jamil","Adnan Jamil","+923028765574","adnanjamil54@gmail.com","House No. 473, Lane 6, Sector I-8","Islamabad","Islamabad Capital Territory","44000","2017-04-05","88%",61,49,100,NA,NA,NA,NA,NA,76,43,NA,83,64,NA,43,519,800,64.88,"B","Pass","Paid","Self","No","Wears corrective lenses/glasses.","junaid.jamil392","fL0h0PHByL","2026-07-16T19:18:36.335Z","2026-07-16T19:18:36.335Z"
"STD928755","ADM752798",17,"Sadia","Ansari","Female","2010-04-04",16,"Class 10","B","O+","Islam","Pakistani","Asad Ansari","Fiza Ansari","Asad Ansari","+923027736879","asadansari43@gmail.com","House No. 271, Street 11, Bahria Town","Rawalpindi","Punjab","46000","2017-04-05","99%",36,59,47,NA,NA,NA,NA,NA,85,45,NA,84,69,78,NA,503,800,62.88,"B","Pass","Unpaid","Self","No","No known medical conditions or allergies.","sadia.ansari120","w8OLq9g$TW","2026-07-16T19:18:36.335Z","2026-07-16T19:18:36.335Z"
"STD850264","ADM672082",18,"Hussain","Naqvi","Male","2010-02-07",16,"Class 10","B","AB-","Islam","Pakistani","Saad Naqvi","Tayyaba Naqvi","Saad Naqvi","+923124779317","saadnaqvi34@gmail.com","House No. 465, Road 5, Saddar","Rawalpindi","Punjab","46000","2017-04-05","90%",50,63,85,NA,NA,NA,NA,NA,99,94,33,NA,94,52,NA,570,800,71.25,"A","Pass","Paid","School Van","No","No known medical conditions or allergies.","hussain.naqvi466","2G@xwyTt#u","2026-07-16T19:18:36.346Z","2026-07-16T19:18:36.346Z"
"STD658057","ADM050140",19,"Areeba","Mughal","Female","2011-01-17",15,"Class 10","B","A+","Christianity","Pakistani","Waqas Mughal","Saba Mughal","Waqas Mughal","+923009586376","waqasmughal10@gmail.com","House No. 280, Lane 1, Madina Town","Faisalabad","Punjab","38000","2017-04-05","76%",36,84,64,NA,NA,NA,NA,NA,66,75,64,NA,59,NA,96,544,800,68.00,"B","Pass","Paid","Self","No","Mild dust allergy.","areeba.mughal","lr#c8Ao3By","2026-07-16T19:18:36.346Z","2026-07-16T19:18:36.346Z"
"STD443032","ADM302495",20,"Javerya","Butt","Female","2011-02-08",15,"Class 10","B","A+","Islam","Pakistani","Yasir Butt","Amna Butt","Yasir Butt","+923332902456","yasirbutt16@gmail.com","House No. 428, Sector-Street 2, Clifton","Karachi","Sindh","74200","2017-04-05","88%",46,59,70,NA,NA,NA,NA,NA,49,42,NA,67,37,78,NA,448,800,56.00,"C","Pass","Paid","Self","No","Mild seasonal asthma; carries inhaler.","javerya.butt","sLG0FlM1jN","2026-07-16T19:18:36.346Z","2026-07-16T19:18:36.346Z"
"STD931868","ADM022785",21,"Nida","Sheikh","Female","2010-07-23",16,"Class 10","C","B+","Hinduism","Pakistani","Omar Sheikh","Mariam Sheikh","Omar Sheikh","+923027741242","omarsheikh11@gmail.com","House No. 189, Lane 13, Boson Road","Multan","Punjab","60000","2017-04-05","99%",99,36,69,NA,NA,NA,NA,NA,44,47,54,NA,58,NA,69,476,800,59.50,"C","Pass","Paid","Self","No","Wears corrective lenses/glasses.","nida.sheikh","$1fGckSaYP","2026-07-16T19:18:36.346Z","2026-07-16T19:18:36.346Z"
"STD916922","ADM267852",22,"Muhammad","Naqvi","Male","2010-04-08",16,"Class 10","C","A-","Islam","Pakistani","Haris Naqvi","Khadija Naqvi","Haris Naqvi","+923029966154","harisnaqvi22@gmail.com","House No. 387, Street 7, People's Colony","Faisalabad","Punjab","38000","2017-04-05","88%",76,45,64,NA,NA,NA,NA,NA,81,75,92,NA,49,85,NA,567,800,70.88,"A","Pass","Paid","Self","No","Wears corrective lenses/glasses.","muhammad.naqvi972","qew!kYbuqP","2026-07-16T19:18:36.346Z","2026-07-16T19:18:36.346Z"
"STD942445","ADM863794",23,"Hussain","Butt","Male","2011-01-20",15,"Class 10","C","O+","Islam","Pakistani","Raza Butt","Javerya Butt","Raza Butt","+923453059292","razabutt78@gmail.com","House No. 10, Avenue 15, People's Colony","Faisalabad","Punjab","38000","2017-04-05","98%",36,59,36,NA,NA,NA,NA,NA,43,51,NA,71,91,98,NA,485,800,60.62,"B","Pass","Paid","School Van","No","Mild seasonal asthma; carries inhaler.","hussain.butt870","zZI3X7w1t@","2026-07-16T19:18:36.346Z","2026-07-16T19:18:36.346Z"
"STD278994","ADM343236",24,"Areeba","Farooqi","Female","2010-03-24",16,"Class 10","C","AB-","Islam","Pakistani","Yasir Farooqi","Anum Farooqi","Yasir Farooqi","+923339064743","yasirfarooqi10@gmail.com","House No. 410, Sector-Street 1, Sector F-10","Islamabad","Islamabad Capital Territory","44000","2017-04-05","82%",71,81,42,NA,NA,NA,NA,NA,99,41,NA,63,39,43,NA,479,800,59.88,"C","Pass","Paid","Self","No","Wears corrective lenses/glasses.","areeba.farooqi848","drbdcuZp4B","2026-07-16T19:18:36.346Z","2026-07-16T19:18:36.346Z"
"STD025423","ADM431872",25,"Laiba","Butt","Female","2011-05-21",15,"Class 10","C","O-","Islam","Pakistani","Nabeel Butt","Laiba Butt","Nabeel Butt","+923214888369","nabeelbutt16@gmail.com","House No. 74, Lane 4, Warsak Road","Peshawar","Khyber Pakhtunkhwa","25000","2017-04-05","64%",80,87,89,NA,NA,NA,NA,NA,40,53,NA,38,33,66,NA,486,800,60.75,"B","Pass","Paid","Self","No","No known medical conditions or allergies.","laiba.butt","db5!AJSdkY","2026-07-16T19:18:36.346Z","2026-07-16T19:18:36.346Z"
"STD543985","ADM624908",26,"Saad","Jamil","Male","2011-05-02",15,"Class 10","C","A-","Islam","Pakistani","Faisal Jamil","Iqra Jamil","Faisal Jamil","+923213767138","faisaljamil36@gmail.com","House No. 310, Lane 6, Shah Rukn-e-Alam","Multan","Punjab","60000","2017-04-05","81%",58,60,91,NA,NA,NA,NA,NA,36,84,NA,39,65,60,NA,493,800,61.63,"B","Pass","Paid","Self","No","Mild dust allergy.","saad.jamil","Qyr335@Nrl","2026-07-16T19:18:36.346Z","2026-07-16T19:18:36.346Z"
"STD991399","ADM072091",27,"Kamran","Qureshi","Male","2011-05-05",15,"Class 10","C","O+","Islam","Pakistani","Ali Qureshi","Ushna Qureshi","Ali Qureshi","+923339697363","aliqureshi83@gmail.com","House No. 450, Sector-Street 1, Saddar","Rawalpindi","Punjab","46000","2017-04-05","62%",99,76,35,NA,NA,NA,NA,NA,35,87,NA,53,79,53,NA,517,800,64.63,"B","Pass","Paid","Self","No","Wears corrective lenses/glasses.","kamran.qureshi","BXr1ExdsB9","2026-07-16T19:18:36.347Z","2026-07-16T19:18:36.347Z"
"STD814293","ADM028618",28,"Javerya","Butt","Female","2010-05-01",16,"Class 10","C","A+","Islam","Pakistani","Hamza Butt","Mahnoor Butt","Hamza Butt","+923216852095","hamzabutt14@gmail.com","House No. 205, Road 2, Saddar","Rawalpindi","Punjab","46000","2017-04-05","99%",99,67,93,NA,NA,NA,NA,NA,78,90,80,NA,67,35,NA,609,800,76.13,"A","Pass","Paid","School Van","No","No medical conditions.","javerya.butt547","DQQRE52MKm","2026-07-16T19:18:36.347Z","2026-07-16T19:18:36.347Z"
"STD435912","ADM953534",29,"Khadija","Ansari","Female","2010-12-15",16,"Class 10","C","O-","Christianity","Pakistani","Junaid Ansari","Sobia Ansari","Junaid Ansari","+923026767905","junaidansari67@gmail.com","House No. 230, Road 15, Sector F-10","Islamabad","Islamabad Capital Territory","44000","2017-04-05","81%",49,89,54,NA,NA,NA,NA,NA,83,34,NA,33,87,NA,70,499,800,62.38,"B","Pass","Paid","Self","No","Mild seasonal asthma; carries inhaler.","khadija.ansari","0ZI!hK7U0R","2026-07-16T19:18:36.347Z","2026-07-16T19:18:36.347Z"
"STD144399","ADM041439",30,"Ali","Jamil","Male","2010-04-24",16,"Class 10","C","A-","Hinduism","Pakistani","Haris Jamil","Alisha Jamil","Haris Jamil","+923126696483","harisjamil69@gmail.com","House No. 253, Lane 1, Satellite Town","Quetta","Balochistan","87300","2017-04-05","81%",81,92,38,NA,NA,NA,NA,NA,51,88,NA,84,44,NA,34,512,800,64.00,"B","Pass","Paid","Self","No","No known medical conditions or allergies.","ali.jamil","1whENmAWxJ","2026-07-16T19:18:36.347Z","2026-07-16T19:18:36.347Z"
"STD982837","ADM904476", 1,"Hamza","Siddiqui","Male","2019-11-10", 7,"Class 1","A","AB-","Hinduism","Pakistani","Ali Siddiqui",NA,NA,"+923009821454",NA,"House No. 160, Street 5, Johar Town","Lahore","Punjab","54000",NA,"88%",35,39,34,35,NA,NA,NA,NA,NA,NA,NA,NA,NA,NA,43,186,500,37.20,"D","Pass","Paid",NA,NA,NA,"hamza.siddiqui11",NA,"2026-07-16T19:29:03.937Z",NA
"STD048279","ADM326953",26,"Sana","Butt","Female","2016-02-09",10,"Class 5","C","O-","Islam","Pakistani","Talha Butt",NA,NA,"+923337625689",NA,"House No. 445, Lane 9, Satellite Town","Rawalpindi","Punjab","46000",NA,"93%",99,90,99,NA,86,94,NA,NA,NA,NA,NA,NA,NA,96,NA,564,600,94.00,"A+","Pass","Unpaid",NA,NA,NA,"sana.butt72",NA,"2026-07-16T19:29:03.941Z",NA
"STD920420","ADM223178",21,"Iqra","Chaudhry","Female","2014-04-16",12,"Class 7","C","A+","Islam","Pakistani","Ahmed Chaudhry",NA,NA,"+923454084168",NA,"House No. 277, Street 10, Bani Gala","Islamabad","Islamabad Capital Territory","44000",NA,"75%",62,49,68,NA,61,NA, 74, 55,NA,NA,NA,NA,NA,64,NA,433,700,61.86,"B","Pass","Paid",NA,NA,NA,"iqra.chaudhry51",NA,"2026-07-16T19:29:03.944Z",NA
"STD968315","ADM552839",22,"Mustafa","Ahmed","Male","2015-04-23",11,"Class 5","C","AB-","Islam","Pakistani","Ali Ahmed",NA,NA,"+923452972155",NA,"House No. 491, Street 13, Sector G-11","Islamabad","Islamabad Capital Territory","44000",NA,"97%",54,65,70,NA,52,56,NA,NA,NA,NA,NA,NA,NA,75,NA,372,600,62.00,"B","Pass","Unpaid",NA,NA,NA,"mustafa.ahmed26",NA,"2026-07-16T19:29:03.941Z",NA
"STD360450","ADM692101",29,"Haris","Mughal","Male","2017-03-04", 9,"Class 4","C","O-","Islam","Pakistani","Mustafa Mughal",NA,NA,"+923003512328",NA,"House No. 367, Avenue 1, Sector G-11","Islamabad","Islamabad Capital Territory","44000",NA,"97%",90,85,84,NA,93,94,NA,NA,NA,NA,NA,NA,NA,80,NA,526,600,87.67,"A+","Pass","Paid",NA,NA,NA,"haris.mughal45",NA,"2026-07-16T19:29:03.941Z",NA
"STD753319","ADM843033",13,"Bilal","Siddiqui","Male","2017-01-13", 9,"Class 4","B","B-","Islam","Pakistani","Arsalan Siddiqui",NA,NA,"+923455860140",NA,"House No. 427, Avenue 2, Sector I-8","Islamabad","Islamabad Capital Territory","44000",NA,"74%",79,77,46,NA,66,67,NA,NA,NA,NA,NA,NA,NA,45,NA,380,600,63.33,"B","Pass","Paid",NA,NA,NA,"bilal.siddiqui79",NA,"2026-07-16T19:29:03.941Z",NA
"STD891016","ADM280083", 2,"Muhammad","Sheikh","Male","2016-05-28",10,"Class 4","A","A-","Islam","Pakistani","Bilal Sheikh",NA,NA,"+923009462689",NA,"House No. 150, Avenue 13, Bahria Town","Rawalpindi","Punjab","46000",NA,"72%",72,75,73,NA,79,70,NA,NA,NA,NA,NA,NA,NA,60,NA,429,600,71.50,"A","Pass","Unpaid",NA,NA,NA,"muhammad.sheikh70",NA,"2026-07-16T19:29:03.941Z",NA
"STD979595","ADM127692",18,"Ahmed","Sheikh","Male","2016-02-18",10,"Class 4","B","A+","Christianity","Pakistani","Zain Sheikh",NA,NA,"+923218232030",NA,"House No. 68, Lane 8, Gulberg","Lahore","Punjab","54000",NA,"81%",96,80,97,NA,81,88,NA,NA,NA,NA,NA,NA,NA,NA,94,536,600,89.33,"A+","Pass","Paid",NA,NA,NA,"ahmed.sheikh34",NA,"2026-07-16T19:29:03.941Z",NA
"STD473728","ADM736052",27,"Arsalan","Qureshi","Male","2017-01-22", 9,"Class 3","C","A+","Christianity","Pakistani","Talha Qureshi",NA,NA,"+923458477973",NA,"House No. 326, Street 12, Model Town","Lahore","Punjab","54000",NA,"79%",82,92,98,82,NA,NA,NA,NA,NA,NA,NA,NA,NA,NA,81,435,500,87.00,"A+","Pass","Paid",NA,NA,NA,"arsalan.qureshi96",NA,"2026-07-16T19:29:03.941Z",NA
"STD113258","ADM205287", 1,"Saad","Abbasi","Male","2015-03-18",11,"Class 6","A","AB+","Islam","Pakistani","Fahad Abbasi",NA,NA,"+923453801789",NA,"House No. 263, Street 14, Gulberg","Lahore","Punjab","54000",NA,"81%",63,45,61,NA,48,NA, 68, 54,NA,NA,NA,NA,NA,66,NA,405,700,57.86,"C","Pass","Paid",NA,NA,NA,"saad.abbasi23",NA,"2026-07-16T19:29:03.942Z",NA
"STD895339","ADM579747", 4,"Fatima","Mughal","Female","2014-05-12",12,"Class 6","A","A-","Hinduism","Pakistani","Hamza Mughal",NA,NA,"+923121905627",NA,"House No. 3, Street 4, Clifton","Karachi","Sindh","74200",NA,"93%",59,52,76,NA,77,NA, 62, 50,NA,NA,NA,NA,NA,NA,49,425,700,60.71,"B","Pass","Unpaid",NA,NA,NA,"fatima.mughal26",NA,"2026-07-16T19:29:03.942Z",NA
"STD734874","ADM517944", 4,"Ali","Qureshi","Male","2020-10-09", 6,"Class 1","A","B-","Islam","Pakistani","Omar Qureshi",NA,NA,"+923455548354",NA,"House No. 90, Street 11, Saddar","Rawalpindi","Punjab","46000",NA,"70%",68,70,60,47,NA,NA,NA,NA,NA,NA,NA,NA,NA,67,NA,312,500,62.40,"B","Pass","Paid",NA,NA,NA,"ali.qureshi16",NA,"2026-07-16T19:29:03.938Z",NA
"STD020440","ADM382322",12,"Muhammad","Ahmed","Male","2020-04-23", 6,"Class 1","B","B+","Christianity","Pakistani","Arsalan Ahmed",NA,NA,"+923012377294",NA,"House No. 458, Road 14, Johar Town","Lahore","Punjab","54000",NA,"77%",48,31,41,47,NA,NA,NA,NA,NA,NA,NA,NA,NA,NA,37,204,500,40.80,"F","Fail","Paid",NA,NA,NA,"muhammad.ahmed98",NA,"2026-07-16T19:29:03.939Z",NA
"STD240617","ADM698445", 3,"Mariam","Ahmed","Female","2017-04-07", 9,"Class 4","A","B-","Islam","Pakistani","Ahmed Ahmed",NA,NA,"+923013452498",NA,"House No. 444, Lane 5, Clifton","Karachi","Sindh","74200",NA,"83%",74,65,74,NA,77,60,NA,NA,NA,NA,NA,NA,NA,50,NA,400,600,66.67,"B","Pass","Paid",NA,NA,NA,"mariam.ahmed13",NA,"2026-07-16T19:29:03.941Z",NA
"STD066119","ADM542875", 7,"Haris","Malik","Male","2020-10-11", 6,"Class 1","A","O+","Islam","Pakistani","Omar Malik",NA,NA,"+923218147559",NA,"House No. 174, Road 8, DHA Phase 5","Lahore","Punjab","54000",NA,"70%",77,74,77,66,NA,NA,NA,NA,NA,NA,NA,NA,NA,67,NA,361,500,72.20,"A","Pass","Paid",NA,NA,NA,"haris.malik61",NA,"2026-07-16T19:29:03.939Z",NA
"STD665347","ADM576886",11,"Khadija","Shah","Female","2020-01-28", 6,"Class 1","B","A+","Islam","Pakistani","Muhammad Shah",NA,NA,"+923127652602",NA,"House No. 195, Avenue 3, Sector F-10","Islamabad","Islamabad Capital Territory","44000",NA,"87%",77,56,51,71,NA,NA,NA,NA,NA,NA,NA,NA,NA,65,NA,320,500,64.00,"B","Pass","Paid",NA,NA,NA,"khadija.shah67",NA,"2026-07-16T19:29:03.939Z",NA
"STD196444","ADM734754",24,"Muhammad","Khan","Male","2019-11-03", 7,"Class 1","C","B+","Islam","Pakistani","Ahmed Khan",NA,NA,"+923337780800",NA,"House No. 199, Road 3, PECHS","Karachi","Sindh","74200",NA,"70%",47,32,36,48,NA,NA,NA,NA,NA,NA,NA,NA,NA,34,NA,197,500,39.40,"F","Fail","Paid",NA,NA,NA,"muhammad.khan30",NA,"2026-07-16T19:29:03.939Z",NA
"STD574879","ADM689148",11,"Laiba","Ali","Female","2018-03-04", 8,"Class 3","B","O+","Islam","Pakistani","Usman Ali",NA,NA,"+923127385096",NA,"House No. 56, Street 5, Satellite Town","Rawalpindi","Punjab","46000",NA,"83%",67,69,53,56,NA,NA,NA,NA,NA,NA,NA,NA,NA,59,NA,304,500,60.80,"B","Pass","Unpaid",NA,NA,NA,"laiba.ali13",NA,"2026-07-16T19:29:03.940Z",NA
"STD913379","ADM102025",17,"Khadija","Shah","Female","2019-05-03", 7,"Class 2","B","B-","Islam","Pakistani","Fahad Shah",NA,NA,"+923339902849",NA,"House No. 312, Road 15, Sector I-8","Islamabad","Islamabad Capital Territory","44000",NA,"80%",59,75,66,64,NA,NA,NA,NA,NA,NA,NA,NA,NA,75,NA,339,500,67.80,"B","Pass","Paid",NA,NA,NA,"khadija.shah76",NA,"2026-07-16T19:29:03.940Z",NA
"STD856297","ADM319701",29,"Laiba","Ali","Female","2019-11-06", 7,"Class 2","C","B+","Islam","Pakistani","Omar Ali",NA,NA,"+923008734015",NA,"House No. 79, Road 13, Saddar","Rawalpindi","Punjab","46000",NA,"77%",63,78,70,58,NA,NA,NA,NA,NA,NA,NA,NA,NA,47,NA,316,500,63.20,"B","Pass","Paid",NA,NA,NA,"laiba.ali48",NA,"2026-07-16T19:29:03.940Z",NA
"STD666977","ADM468625", 2,"Sana","Sheikh","Female","2018-09-25", 8,"Class 2","A","B+","Hinduism","Pakistani","Abdullah Sheikh",NA,NA,"+923452424089",NA,"House No. 326, Avenue 9, North Nazimabad","Karachi","Sindh","74200",NA,"82%",70,66,79,64,NA,NA,NA,NA,NA,NA,NA,NA,NA,NA,58,337,500,67.40,"B","Pass","Paid",NA,NA,NA,"sana.sheikh17",NA,"2026-07-16T19:29:03.939Z",NA
"STD578121","ADM336111",24,"Bilal","Khan","Male","2019-03-27", 7,"Class 2","C","O-","Islam","Pakistani","Muhammad Khan",NA,NA,"+923216641356",NA,"House No. 274, Avenue 12, Bani Gala","Islamabad","Islamabad Capital Territory","44000",NA,"66%",30,39,31,31,NA,NA,NA,NA,NA,NA,NA,NA,NA,44,NA,175,500,35.00,"F","Fail","Paid",NA,NA,NA,"bilal.khan47",NA,"2026-07-16T19:29:03.940Z",NA
"STD474593","ADM692349",28,"Talha","Chaudhry","Male","2018-10-17", 8,"Class 2","C","O+","Hinduism","Pakistani","Usman Chaudhry",NA,NA,"+923339083243",NA,"House No. 83, Street 10, Gulshan-e-Iqbal","Karachi","Sindh","74200",NA,"71%",77,74,65,45,NA,NA,NA,NA,NA,NA,NA,NA,NA,NA,61,322,500,64.40,"B","Pass","Unpaid",NA,NA,NA,"talha.chaudhry36",NA,"2026-07-16T19:29:03.940Z",NA
"STD276923","ADM195503", 3,"Muhammad","Ali","Male","2018-11-02", 8,"Class 2","A","AB+","Hinduism","Pakistani","Abdullah Ali",NA,NA,"+923001757885",NA,"House No. 282, Street 8, Gulshan-e-Iqbal","Karachi","Sindh","74200",NA,"99%",23,19,27,30,NA,NA,NA,NA,NA,NA,NA,NA,NA,NA,30,129,500,25.80,"F","Fail","Unpaid",NA,NA,NA,"muhammad.ali11",NA,"2026-07-16T19:29:03.939Z",NA
"STD124160","ADM272888",13,"Mariam","Chaudhry","Female","2020-05-16", 6,"Class 1","B","AB-","Islam","Pakistani","Muhammad Chaudhry",NA,NA,"+923216103735",NA,"House No. 198, Street 9, Defense (DHA)","Karachi","Sindh","74200",NA,"92%",72,49,61,70,NA,NA,NA,NA,NA,NA,NA,NA,NA,73,NA,325,500,65.00,"B","Pass","Paid",NA,NA,NA,"mariam.chaudhry33",NA,"2026-07-16T19:29:03.939Z",NA
"STD890851","ADM224062",20,"Ayesha","Mughal","Female","2018-05-28", 8,"Class 2","B","O-","Islam","Pakistani","Bilal Mughal",NA,NA,"+923028875304",NA,"House No. 465, Street 9, Sector F-10","Islamabad","Islamabad Capital Territory","44000",NA,"95%",38,42,45,32,NA,NA,NA,NA,NA,NA,NA,NA,NA,34,NA,191,500,38.20,"F","Fail","Paid",NA,NA,NA,"ayesha.mughal62",NA,"2026-07-16T19:29:03.940Z",NA
"STD301037","ADM590745", 1,"Ayesha","Shah","Female","2018-11-01", 8,"Class 2","A","B+","Islam","Pakistani","Fahad Shah",NA,NA,"+923029629933",NA,"House No. 68, Street 10, Sector G-11","Islamabad","Islamabad Capital Territory","44000",NA,"68%",82,96,88,82,NA,NA,NA,NA,NA,NA,NA,NA,NA,95,NA,443,500,88.60,"A+","Pass","Paid",NA,NA,NA,"ayesha.shah29",NA,"2026-07-16T19:29:03.939Z",NA
"STD351494","ADM927083",30,"Ahmed","Ahmed","Male","2019-07-07", 7,"Class 1","C","O-","Christianity","Pakistani","Zain Ahmed",NA,NA,"+923215477578",NA,"House No. 317, Road 4, North Nazimabad","Karachi","Sindh","74200",NA,"81%",88,93,82,98,NA,NA,NA,NA,NA,NA,NA,NA,NA,NA,84,445,500,89.00,"A+","Pass","Paid",NA,NA,NA,"ahmed.ahmed83",NA,"2026-07-16T19:29:03.939Z",NA
"STD327034","ADM652639",18,"Zain","Shah","Male","2018-11-19", 8,"Class 3","B","AB-","Hinduism","Pakistani","Fahad Shah",NA,NA,"+923004793676",NA,"House No. 127, Avenue 8, Clifton","Karachi","Sindh","74200",NA,"97%",60,49,57,74,NA,NA,NA,NA,NA,NA,NA,NA,NA,NA,50,290,500,58.00,"C","Pass","Unpaid",NA,NA,NA,"zain.shah67",NA,"2026-07-16T19:29:03.940Z",NA
"STD169858","ADM569589", 6,"Arsalan","Qureshi","Male","2018-12-17", 8,"Class 3","A","AB+","Islam","Pakistani","Ahmed Qureshi",NA,NA,"+923459992219",NA,"House No. 199, Lane 6, Gulberg","Lahore","Punjab","54000",NA,"91%",88,82,86,84,NA,NA,NA,NA,NA,NA,NA,NA,NA,92,NA,432,500,86.40,"A+","Pass","Paid",NA,NA,NA,"arsalan.qureshi81",NA,"2026-07-16T19:29:03.940Z",NA
"STD352618","ADM782095", 7,"Fahad","Mughal","Male","2017-04-28", 9,"Class 3","A","A-","Islam","Pakistani","Talha Mughal",NA,NA,"+923332106087",NA,"House No. 476, Avenue 3, Bani Gala","Islamabad","Islamabad Capital Territory","44000",NA,"75%",64,47,52,65,NA,NA,NA,NA,NA,NA,NA,NA,NA,47,NA,275,500,55.00,"C","Pass","Paid",NA,NA,NA,"fahad.mughal16",NA,"2026-07-16T19:29:03.940Z",NA
"STD582942","ADM102525",19,"Fahad","Khan","Male","2020-07-24", 6,"Class 1","B","O-","Hinduism","Pakistani","Talha Khan",NA,NA,"+923124734346",NA,"House No. 107, Street 9, Chaklala Scheme III","Rawalpindi","Punjab","46000",NA,"98%",56,73,76,64,NA,NA,NA,NA,NA,NA,NA,NA,NA,NA,75,344,500,68.80,"B","Pass","Paid",NA,NA,NA,"fahad.khan15",NA,"2026-07-16T19:29:03.939Z",NA
"STD981058","ADM171009",16,"Fatima","Abbasi","Female","2020-02-01", 6,"Class 1","B","O-","Hinduism","Pakistani","Ali Abbasi",NA,NA,"+923212792142",NA,"House No. 231, Lane 1, Johar Town","Lahore","Punjab","54000",NA,"91%",31,38,36,30,NA,NA,NA,NA,NA,NA,NA,NA,NA,NA,42,177,500,35.40,"F","Fail","Paid",NA,NA,NA,"fatima.abbasi37",NA,"2026-07-16T19:29:03.939Z",NA
"STD386597","ADM614926",26,"Talha","Ali","Male","2019-05-11", 7,"Class 2","C","O-","Islam","Pakistani","Arsalan Ali",NA,NA,"+923023292167",NA,"House No. 24, Avenue 1, PECHS","Karachi","Sindh","74200",NA,"89%",41,34,48,39,NA,NA,NA,NA,NA,NA,NA,NA,NA,32,NA,194,500,38.80,"F","Fail","Paid",NA,NA,NA,"talha.ali85",NA,"2026-07-16T19:29:03.940Z",NA
"STD406922","ADM392787", 9,"Ali","Ahmed","Male","2019-07-01", 7,"Class 2","A","O-","Islam","Pakistani","Fahad Ahmed",NA,NA,"+923002907011",NA,"House No. 471, Avenue 7, Bani Gala","Islamabad","Islamabad Capital Territory","44000",NA,"29%",A,A,A,A,NA,NA,NA,NA,NA,NA,NA,NA,NA,A,NA,  0,500, 0.00,"N/A","Absent","Paid",NA,NA,NA,"ali.ahmed23",NA,"2026-07-16T19:29:03.940Z",NA
"STD190678","ADM699944",23,"Fatima","Abbasi","Female","2017-03-10", 9,"Class 4","C","O-","Christianity","Pakistani","Zain Abbasi",NA,NA,"+923456842886",NA,"House No. 188, Street 1, PECHS","Karachi","Sindh","74200",NA,"71%",93,97,83,NA,88,95,NA,NA,NA,NA,NA,NA,NA,NA,88,544,600,90.67,"A+","Pass","Paid",NA,NA,NA,"fatima.abbasi16",NA,"2026-07-16T19:29:03.941Z",NA
"STD488846","ADM133540",24,"Fatima","Khan","Female","2016-09-26",10,"Class 4","C","A+","Hinduism","Pakistani","Ahmed Khan",NA,NA,"+923451827834",NA,"House No. 199, Lane 11, Samanabad","Lahore","Punjab","54000",NA,"85%",89,96,90,NA,94,91,NA,NA,NA,NA,NA,NA,NA,NA,93,553,600,92.17,"A+","Pass","Paid",NA,NA,NA,"fatima.khan40",NA,"2026-07-16T19:29:03.941Z",NA
"STD959391","ADM085784",21,"Anum","Qureshi","Female","2017-10-13", 9,"Class 3","C","AB-","Hinduism","Pakistani","Ahmed Qureshi",NA,NA,"+923009097984",NA,"House No. 241, Lane 11, Bani Gala","Islamabad","Islamabad Capital Territory","44000",NA,"24%",A,A,A,A,NA,NA,NA,NA,NA,NA,NA,NA,NA,NA,A,  0,500, 0.00,"N/A","Absent","Paid",NA,NA,NA,"anum.qureshi79",NA,"2026-07-16T19:29:03.940Z",NA
"STD595288","ADM430512",27,"Khadija","Abbasi","Female","2017-11-19", 9,"Class 4","C","O-","Christianity","Pakistani","Haris Abbasi",NA,NA,"+923122512157",NA,"House No. 439, Avenue 4, Sector F-10","Islamabad","Islamabad Capital Territory","44000",NA,"75%",65,59,59,NA,47,74,NA,NA,NA,NA,NA,NA,NA,NA,49,353,600,58.83,"C","Pass","Paid",NA,NA,NA,"khadija.abbasi69",NA,"2026-07-16T19:29:03.941Z",NA
"STD184546","ADM859374", 3,"Ali","Sheikh","Male","2015-08-21",11,"Class 6","A","O-","Hinduism","Pakistani","Bilal Sheikh",NA,NA,"+923451155859",NA,"House No. 350, Road 15, Defense (DHA)","Karachi","Sindh","74200",NA,"83%",51,58,72,NA,67,NA, 70, 67,NA,NA,NA,NA,NA,NA,77,462,700,66.00,"B","Pass","Paid",NA,NA,NA,"ali.sheikh77",NA,"2026-07-16T19:29:03.942Z",NA
"STD055038","ADM650637", 6,"Mustafa","Shah","Male","2019-09-12", 7,"Class 2","A","AB-","Christianity","Pakistani","Bilal Shah",NA,NA,"+923128832907",NA,"House No. 383, Lane 8, Defense (DHA)","Karachi","Sindh","74200",NA,"97%",97,83,85,91,NA,NA,NA,NA,NA,NA,NA,NA,NA,NA,94,450,500,90.00,"A+","Pass","Paid",NA,NA,NA,"mustafa.shah94",NA,"2026-07-16T19:29:03.940Z",NA
"STD616666","ADM261502", 5,"Zain","Malik","Male","2013-08-23",13,"Class 8","A","A-","Hinduism","Pakistani","Mustafa Malik",NA,NA,"+923015284177",NA,"House No. 349, Street 12, Sector G-11","Islamabad","Islamabad Capital Territory","44000",NA,"79%",99,93,96,NA,83,NA, 90, 96,NA,NA,NA,NA,NA,NA,94,651,700,93.00,"A+","Pass","Paid",NA,NA,NA,"zain.malik82",NA,"2026-07-16T19:29:03.944Z",NA
"STD140929","ADM784996",13,"Hira","Ali","Female","2018-09-09", 8,"Class 2","B","A-","Islam","Pakistani","Abdullah Ali",NA,NA,"+923005306064",NA,"House No. 391, Lane 3, Gulberg","Lahore","Punjab","54000",NA,"71%",72,56,76,55,NA,NA,NA,NA,NA,NA,NA,NA,NA,55,NA,314,500,62.80,"B","Pass","Paid",NA,NA,NA,"hira.ali61",NA,"2026-07-16T19:29:03.940Z",NA
"STD616131","ADM540636",22,"Khadija","Ahmed","Female","2016-10-04",10,"Class 4","C","AB+","Islam","Pakistani","Haris Ahmed",NA,NA,"+923451048215",NA,"House No. 61, Avenue 13, Samanabad","Lahore","Punjab","54000",NA,"73%",78,75,71,NA,60,69,NA,NA,NA,NA,NA,NA,NA,69,NA,422,600,70.33,"A","Pass","Paid",NA,NA,NA,"khadija.ahmed22",NA,"2026-07-16T19:29:03.941Z",NA
"STD788601","ADM127155",10,"Sidra","Abbasi","Female","2018-10-10", 8,"Class 2","A","AB-","Islam","Pakistani","Hamza Abbasi",NA,NA,"+923006898014",NA,"House No. 182, Street 8, Sector I-8","Islamabad","Islamabad Capital Territory","44000",NA,"68%",71,69,76,67,NA,NA,NA,NA,NA,NA,NA,NA,NA,59,NA,342,500,68.40,"B","Pass","Unpaid",NA,NA,NA,"sidra.abbasi45",NA,"2026-07-16T19:29:03.940Z",NA
"STD600937","ADM967030",17,"Omar","Chaudhry","Male","2020-10-13", 6,"Class 1","B","B+","Islam","Pakistani","Fahad Chaudhry",NA,NA,"+923008644065",NA,"House No. 480, Road 5, Model Town","Lahore","Punjab","54000",NA,"69%",58,52,71,74,NA,NA,NA,NA,NA,NA,NA,NA,NA,73,NA,328,500,65.60,"B","Pass","Paid",NA,NA,NA,"omar.chaudhry44",NA,"2026-07-16T19:29:03.939Z",NA
"STD706947","ADM227160", 5,"Fatima","Qureshi","Female","2013-02-13",13,"Class 7","A","AB+","Islam","Pakistani","Arsalan Qureshi",NA,NA,"+923451886543",NA,"House No. 65, Street 14, Bani Gala","Islamabad","Islamabad Capital Territory","44000",NA,"68%",81,99,84,NA,90,NA, 93, 92,NA,NA,NA,NA,NA,94,NA,633,700,90.43,"A+","Pass","Paid",NA,NA,NA,"fatima.qureshi74",NA,"2026-07-16T19:29:03.942Z",NA
"STD843690","ADM712898", 3,"Saba","Malik","Female","2017-07-24", 9,"Class 3","A","B+","Islam","Pakistani","Muhammad Malik",NA,NA,"+923218315626",NA,"House No. 43, Lane 7, Defense (DHA)","Karachi","Sindh","74200",NA,"87%",66,70,72,69,NA,NA,NA,NA,NA,NA,NA,NA,NA,56,NA,333,500,66.60,"B","Pass","Paid",NA,NA,NA,"saba.malik55",NA,"2026-07-16T19:29:03.940Z",NA
"STD841690","ADM400506",19,"Sidra","Qureshi","Female","2016-04-14",10,"Class 4","B","AB-","Hinduism","Pakistani","Talha Qureshi",NA,NA,"+923015735890",NA,"House No. 432, Lane 13, Satellite Town","Rawalpindi","Punjab","46000",NA,"66%",55,73,78,NA,73,60,NA,NA,NA,NA,NA,NA,NA,NA,46,385,600,64.17,"B","Pass","Paid",NA,NA,NA,"sidra.qureshi91",NA,"2026-07-16T19:29:03.941Z",NA
"STD901444","ADM716043", 7,"Mariam","Qureshi","Female","2016-10-03",10,"Class 4","A","A-","Hinduism","Pakistani","Muhammad Qureshi",NA,NA,"+923216086929",NA,"House No. 97, Lane 14, Clifton","Karachi","Sindh","74200",NA,"85%",46,74,52,NA,51,47,NA,NA,NA,NA,NA,NA,NA,NA,75,345,600,57.50,"C","Pass","Paid",NA,NA,NA,"mariam.qureshi85",NA,"2026-07-16T19:29:03.941Z",NA
"STD838254","ADM735732",24,"Sana","Ahmed","Female","2015-07-06",11,"Class 6","C","B+","Islam","Pakistani","Omar Ahmed",NA,NA,"+923002879336",NA,"House No. 386, Road 4, Sector G-11","Islamabad","Islamabad Capital Territory","44000",NA,"100%",57,49,64,NA,63,NA, 79, 78,NA,NA,NA,NA,NA,76,NA,466,700,66.57,"B","Pass","Paid",NA,NA,NA,"sana.ahmed18",NA,"2026-07-16T19:29:03.942Z",NA
"STD713427","ADM941857",17,"Ayesha","Ali","Female","2014-04-19",12,"Class 7","B","AB-","Islam","Pakistani","Usman Ali",NA,NA,"+923005501574",NA,"House No. 363, Avenue 8, Samanabad","Lahore","Punjab","54000",NA,"71%",99,92,88,NA,88,NA, 84, 90,NA,NA,NA,NA,NA,91,NA,632,700,90.29,"A+","Pass","Paid",NA,NA,NA,"ayesha.ali55",NA,"2026-07-16T19:29:03.942Z",NA
"STD864751","ADM416819",29,"Omar","Ali","Male","2017-05-20", 9,"Class 3","C","AB-","Islam","Pakistani","Ahmed Ali",NA,NA,"+923452528902",NA,"House No. 277, Road 6, Model Town","Lahore","Punjab","54000",NA,"82%",43,37,32,48,NA,NA,NA,NA,NA,NA,NA,NA,NA,38,NA,198,500,39.60,"F","Fail","Unpaid",NA,NA,NA,"omar.ali51",NA,"2026-07-16T19:29:03.941Z",NA
"STD812680","ADM054931",14,"Saad","Ahmed","Male","2019-08-09", 7,"Class 1","B","AB+","Christianity","Pakistani","Ahmed Ahmed",NA,NA,"+923005517294",NA,"House No. 388, Avenue 12, Gulshan-e-Iqbal","Karachi","Sindh","74200",NA,"68%",100,89,82,92,NA,NA,NA,NA,NA,NA,NA,NA,NA,NA,80,443,500,88.60,"A+","Pass","Paid",NA,NA,NA,"saad.ahmed71",NA,"2026-07-16T19:29:03.939Z",NA
"STD722584","ADM740500",16,"Saba","Mughal","Female","2013-04-18",13,"Class 8","B","B-","Islam","Pakistani","Arsalan Mughal",NA,NA,"+923018705693",NA,"House No. 142, Road 4, PECHS","Karachi","Sindh","74200",NA,"71%",49,50,52,NA,58,NA, 49, 78,NA,NA,NA,NA,NA,60,NA,396,700,56.57,"C","Pass","Paid",NA,NA,NA,"saba.mughal33",NA,"2026-07-16T19:29:03.944Z",NA
"STD806853","ADM814605",24,"Hira","Shah","Female","2016-05-08",10,"Class 5","C","A+","Islam","Pakistani","Haris Shah",NA,NA,"+923001663274",NA,"House No. 410, Lane 6, Gulberg","Lahore","Punjab","54000",NA,"71%",41,31,35,NA,48,34,NA,NA,NA,NA,NA,NA,NA,38,NA,227,600,37.83,"F","Fail","Paid",NA,NA,NA,"hira.shah47",NA,"2026-07-16T19:29:03.941Z",NA
"STD349597","ADM991009",14,"Fahad","Khan","Male","2013-12-28",13,"Class 7","B","O+","Islam","Pakistani","Fahad Khan",NA,NA,"+923337113632",NA,"House No. 181, Street 5, Chaklala Scheme III","Rawalpindi","Punjab","46000",NA,"84%",73,76,55,NA,64,NA, 54, 70,NA,NA,NA,NA,NA,73,NA,465,700,66.43,"B","Pass","Paid",NA,NA,NA,"fahad.khan16",NA,"2026-07-16T19:29:03.942Z",NA
"STD990721","ADM397585", 1,"Mahnoor","Ali","Female","2017-04-28", 9,"Class 4","A","O+","Hinduism","Pakistani","Muhammad Ali",NA,NA,"+923213541568",NA,"House No. 161, Lane 9, Clifton","Karachi","Sindh","74200",NA,"95%",74,71,78,NA,61,57,NA,NA,NA,NA,NA,NA,NA,NA,71,412,600,68.67,"B","Pass","Paid",NA,NA,NA,"mahnoor.ali99",NA,"2026-07-16T19:29:03.941Z",NA
"STD433824","ADM831224", 8,"Fahad","Ali","Male","2017-09-28", 9,"Class 4","A","O+","Islam","Pakistani","Zain Ali",NA,NA,"+923211368485",NA,"House No. 293, Avenue 15, Saddar","Rawalpindi","Punjab","46000",NA,"66%",59,49,65,NA,48,66,NA,NA,NA,NA,NA,NA,NA,69,NA,356,600,59.33,"C","Pass","Paid",NA,NA,NA,"fahad.ali14",NA,"2026-07-16T19:29:03.941Z",NA
"STD138591","ADM679400", 5,"Khadija","Malik","Female","2017-02-09", 9,"Class 4","A","A-","Islam","Pakistani","Mustafa Malik",NA,NA,"+923004905937",NA,"House No. 434, Lane 11, Clifton","Karachi","Sindh","74200",NA,"96%",72,58,75,NA,52,71,NA,NA,NA,NA,NA,NA,NA,77,NA,405,600,67.50,"B","Pass","Paid",NA,NA,NA,"khadija.malik71",NA,"2026-07-16T19:29:03.941Z",NA
"STD616666","ADM261502", 5,"Zain","Malik","Male","2013-08-23",13,"Class 8","A","A-","Hinduism","Pakistani","Mustafa Malik",NA,NA,"+923015792428",NA,"House No. 349, Street 12, Sector G-11","Islamabad","Islamabad Capital Territory","44000",NA,"79%",99,93,96,NA,83,NA, 90, 96,NA,NA,NA,NA,NA,NA,94,651,700,93.00,"A+","Pass","Unpaid",NA,NA,NA,"zain.malik82",NA,"2026-07-16T19:29:03.944Z",NA
"STD720338","ADM355633",21,"Saad","Abbasi","Male","2020-04-20", 6,"Class 1","C","B+","Christianity","Pakistani","Talha Abbasi",NA,NA,"+923009213325",NA,"House No. 497, Avenue 10, Bani Gala","Islamabad","Islamabad Capital Territory","44000",NA,"99%",68,47,63,58,NA,NA,NA,NA,NA,NA,NA,NA,NA,NA,52,288,500,57.60,"C","Pass","Paid",NA,NA,NA,"saad.abbasi86",NA,"2026-07-16T19:29:03.939Z",NA
"STD039664","ADM261146", 6,"Arsalan","Qureshi","Male","2012-06-20",14,"Class 8","A","A+","Hinduism","Pakistani","Saad Qureshi",NA,NA,"+923459339990",NA,"House No. 201, Lane 12, Bani Gala","Islamabad","Islamabad Capital Territory","44000",NA,"65%",97,81,98,NA,100,NA, 86, 95,NA,NA,NA,NA,NA,NA,100,657,700,93.86,"A+","Pass","Unpaid",NA,NA,NA,"arsalan.qureshi12",NA,"2026-07-16T19:29:03.944Z",NA
"STD798803","ADM972964",24,"Ahmed","Sheikh","Male","2013-04-18",13,"Class 7","C","A-","Islam","Pakistani","Haris Sheikh",NA,NA,"+923452705248",NA,"House No. 439, Street 14, Sector F-10","Islamabad","Islamabad Capital Territory","44000",NA,"91%",62,71,70,NA,56,NA, 75, 78,NA,NA,NA,NA,NA,49,NA,461,700,65.86,"B","Pass","Paid",NA,NA,NA,"ahmed.sheikh39",NA,"2026-07-16T19:29:03.944Z",NA
"STD361512","ADM745789", 6,"Bilal","Sheikh","Male","2019-10-18", 7,"Class 1","A","AB+","Christianity","Pakistani","Haris Sheikh",NA,NA,"+923452181451",NA,"House No. 417, Street 2, Saddar","Rawalpindi","Punjab","46000",NA,"66%",16,32,27,19,NA,NA,NA,NA,NA,NA,NA,NA,NA,NA,27,121,500,24.20,"F","Fail","Paid",NA,NA,NA,"bilal.sheikh44",NA,"2026-07-16T19:29:03.939Z",NA
"STD047985","ADM243652",30,"Omar","Mughal","Male","2015-06-16",11,"Class 6","C","A+","Islam","Pakistani","Talha Mughal",NA,NA,"+923029201350",NA,"House No. 157, Road 10, Satellite Town","Rawalpindi","Punjab","46000",NA,"98%",77,55,67,NA,58,NA, 71, 47,NA,NA,NA,NA,NA,67,NA,442,700,63.14,"B","Pass","Paid",NA,NA,NA,"omar.mughal46",NA,"2026-07-16T19:29:03.942Z",NA
"STD985392","ADM817671",12,"Bilal","Siddiqui","Male","2018-04-13", 8,"Class 2","B","A+","Islam","Pakistani","Abdullah Siddiqui",NA,NA,"+923214863782",NA,"House No. 124, Avenue 4, Samanabad","Lahore","Punjab","54000",NA,"77%",47,43,36,46,NA,NA,NA,NA,NA,NA,NA,NA,NA,32,NA,204,500,40.80,"F","Fail","Paid",NA,NA,NA,"bilal.siddiqui64",NA,"2026-07-16T19:29:03.940Z",NA
"STD406268","ADM152336",20,"Mariam","Ali","Female","2013-06-22",13,"Class 8","B","A-","Christianity","Pakistani","Fahad Ali",NA,NA,"+923335255585",NA,"House No. 36, Lane 4, Satellite Town","Rawalpindi","Punjab","46000",NA,"83%",78,58,78,NA,69,NA, 47, 57,NA,NA,NA,NA,NA,NA,75,462,700,66.00,"B","Pass","Unpaid",NA,NA,NA,"mariam.ali35",NA,"2026-07-16T19:29:03.944Z",NA
"STD174973","ADM749628",20,"Muhammad","Butt","Male","2015-08-18",11,"Class 6","B","B-","Islam","Pakistani","Usman Butt",NA,NA,"+923009630310",NA,"House No. 293, Lane 10, Bani Gala","Islamabad","Islamabad Capital Territory","44000",NA,"99%",50,45,73,NA,52,NA, 58, 60,NA,NA,NA,NA,NA,49,NA,387,700,55.29,"C","Pass","Paid",NA,NA,NA,"muhammad.butt75",NA,"2026-07-16T19:29:03.942Z",NA
"STD771239","ADM073912", 4,"Ahmed","Butt","Male","2012-01-17",14,"Class 8","A","A-","Islam","Pakistani","Talha Butt",NA,NA,"+923122205023",NA,"House No. 336, Road 7, Gulshan-e-Iqbal","Karachi","Sindh","74200",NA,"70%",44,41,36,NA,42,NA, 33, 32,NA,NA,NA,NA,NA,34,NA,262,700,37.43,"F","Fail","Paid",NA,NA,NA,"ahmed.butt15",NA,"2026-07-16T19:29:03.944Z",NA
"STD423488","ADM396637",16,"Abdullah","Ahmed","Male","2015-01-17",11,"Class 6","B","O+","Islam","Pakistani","Hamza Ahmed",NA,NA,"+923217884020",NA,"House No. 143, Street 15, North Nazimabad","Karachi","Sindh","74200",NA,"81%",79,62,47,NA,49,NA, 57, 60,NA,NA,NA,NA,NA,71,NA,425,700,60.71,"B","Pass","Unpaid",NA,NA,NA,"abdullah.ahmed45",NA,"2026-07-16T19:29:03.942Z",NA
"STD183723","ADM662365",18,"Laiba","Butt","Female","2012-06-10",14,"Class 8","B","O-","Hinduism","Pakistani","Saad Butt",NA,NA,"+923212844671",NA,"House No. 313, Avenue 6, Defense (DHA)","Karachi","Sindh","74200",NA,"86%",99,83,97,NA,100,NA, 81, 93,NA,NA,NA,NA,NA,NA,92,645,700,92.14,"A+","Pass","Paid",NA,NA,NA,"laiba.butt26",NA,"2026-07-16T19:29:03.944Z",NA
"STD022539","ADM447674",14,"Talha","Chaudhry","Male","2017-08-13", 9,"Class 4","B","AB-","Islam","Pakistani","Talha Chaudhry",NA,NA,"+923453143451",NA,"House No. 395, Avenue 4, Johar Town","Lahore","Punjab","54000",NA,"100%",84,92,88,NA,96,95,NA,NA,NA,NA,NA,NA,NA,82,NA,537,600,89.50,"A+","Pass","Unpaid",NA,NA,NA,"talha.chaudhry15",NA,"2026-07-16T19:29:03.941Z",NA
"STD460781","ADM699645", 3,"Arsalan","Mughal","Male","2013-11-28",13,"Class 7","A","A-","Hinduism","Pakistani","Ali Mughal",NA,NA,"+923337183531",NA,"House No. 167, Lane 6, Defense (DHA)","Karachi","Sindh","74200",NA,"78%",77,49,57,NA,71,NA, 61, 49,NA,NA,NA,NA,NA,NA,68,432,700,61.71,"B","Pass","Paid",NA,NA,NA,"arsalan.mughal59",NA,"2026-07-16T19:29:03.942Z",NA
"STD449209","ADM332499",27,"Arsalan","Qureshi","Male","2020-05-02", 6,"Class 1","C","A+","Islam","Pakistani","Talha Qureshi",NA,NA,"+923015110191",NA,"House No. 140, Street 10, Sector I-8","Islamabad","Islamabad Capital Territory","44000",NA,"86%",12,18,19,31,NA,NA,NA,NA,NA,NA,NA,NA,NA,15,NA, 95,500,19.00,"F","Fail","Paid",NA,NA,NA,"arsalan.qureshi85",NA,"2026-07-16T19:29:03.939Z",NA
"STD217322","ADM988799",17,"Mahnoor","Shah","Female","2014-01-08",12,"Class 6","B","A-","Islam","Pakistani","Omar Shah",NA,NA,"+923021815564",NA,"House No. 161, Avenue 6, Bani Gala","Islamabad","Islamabad Capital Territory","44000",NA,"65%",51,73,52,NA,79,NA, 79, 77,NA,NA,NA,NA,NA,68,NA,479,700,68.43,"B","Pass","Unpaid",NA,NA,NA,"mahnoor.shah87",NA,"2026-07-16T19:29:03.942Z",NA
"STD671444","ADM351301",13,"Iqra","Siddiqui","Female","2018-05-25", 8,"Class 3","B","B+","Islam","Pakistani","Omar Siddiqui",NA,NA,"+923124316325",NA,"House No. 305, Street 12, Sector G-11","Islamabad","Islamabad Capital Territory","44000",NA,"90%",65,45,70,64,NA,NA,NA,NA,NA,NA,NA,NA,NA,65,NA,309,500,61.80,"B","Pass","Paid",NA,NA,NA,"iqra.siddiqui44",NA,"2026-07-16T19:29:03.940Z",NA
"STD165964","ADM983972", 8,"Sidra","Mughal","Female","2013-08-19",13,"Class 8","A","A+","Islam","Pakistani","Haris Mughal",NA,NA,"+923023133453",NA,"House No. 44, Road 11, Sector F-10","Islamabad","Islamabad Capital Territory","44000",NA,"98%",91,93,91,NA,82,NA, 84, 98,NA,NA,NA,NA,NA,95,NA,634,700,90.57,"A+","Pass","Paid",NA,NA,NA,"sidra.mughal55",NA,"2026-07-16T19:29:03.944Z",NA
"STD566110","ADM961927", 5,"Sidra","Shah","Female","2017-04-23", 9,"Class 3","A","A+","Christianity","Pakistani","Ali Shah",NA,NA,"+923336697351",NA,"House No. 370, Street 12, Model Town","Lahore","Punjab","54000",NA,"77%",51,62,72,47,NA,NA,NA,NA,NA,NA,NA,NA,NA,NA,60,292,500,58.40,"C","Pass","Paid",NA,NA,NA,"sidra.shah69",NA,"2026-07-16T19:29:03.940Z",NA
"STD267258","ADM908960",27,"Saba","Khan","Female","2010-03-07",16,"Class 10","C","A-","Islam","Pakistani","Talha Khan",NA,NA,"+923451155782",NA,"House No. 16, Lane 9, Model Town","Lahore","Punjab","54000",NA,"94%",43,46,44,NA,NA,NA,NA,NA,44,31,NA,NA,45,38,NA,291,700,41.57,"F","Fail","Paid",NA,NA,NA,"saba.khan15",NA,"2026-07-16T19:29:03.945Z",NA
"STD630272","ADM214889",15,"Talha","Ahmed","Male","2011-01-07",15,"Class 10","B","A-","Hinduism","Pakistani","Muhammad Ahmed",NA,NA,"+923211196963",NA,"House No. 48, Lane 2, Sector I-8","Islamabad","Islamabad Capital Territory","44000",NA,"93%",45,46,45,NA,NA,NA,NA,NA,73,48,NA,NA,56,NA,64,377,700,53.86,"C","Pass","Paid",NA,NA,NA,"talha.ahmed34",NA,"2026-07-16T19:29:03.945Z",NA
"STD724117","ADM423247",10,"Sana","Qureshi","Female","2011-03-18",15,"Class 10","A","O+","Islam","Pakistani","Haris Qureshi",NA,NA,"+923026210021",NA,"House No. 457, Avenue 13, Saddar","Rawalpindi","Punjab","46000",NA,"75%",82,83,87,NA,NA,NA,NA,NA,84,93,NA,NA,100,80,NA,609,700,87.00,"A+","Pass","Paid",NA,NA,NA,"sana.qureshi23",NA,"2026-07-16T19:29:03.945Z",NA
"STD935420","ADM392269",14,"Laiba","Khan","Female","2018-12-04", 8,"Class 3","B","B-","Islam","Pakistani","Arsalan Khan",NA,NA,"+923121040412",NA,"House No. 147, Street 7, Defense (DHA)","Karachi","Sindh","74200",NA,"66%",71,62,77,71,NA,NA,NA,NA,NA,NA,NA,NA,NA,54,NA,335,500,67.00,"B","Pass","Paid",NA,NA,NA,"laiba.khan71",NA,"2026-07-16T19:29:03.940Z",NA
"STD978329","ADM852020", 4,"Anum","Abbasi","Female","2013-08-09",13,"Class 7","A","B+","Islam","Pakistani","Mustafa Abbasi",NA,NA,"+923123428134",NA,"House No. 128, Street 13, Gulberg","Lahore","Punjab","54000",NA,"84%",61,79,49,NA,67,NA, 57, 58,NA,NA,NA,NA,NA,48,NA,419,700,59.86,"C","Pass","Unpaid",NA,NA,NA,"anum.abbasi12",NA,"2026-07-16T19:29:03.942Z",NA
"STD394445","ADM553063", 7,"Mustafa","Mughal","Male","2015-04-04",11,"Class 5","A","O-","Islam","Pakistani","Mustafa Mughal",NA,NA,"+923123709995",NA,"House No. 144, Street 8, Johar Town","Lahore","Punjab","54000",NA,"97%",36,33,36,NA,30,35,NA,NA,NA,NA,NA,NA,NA,45,NA,215,600,35.83,"F","Fail","Paid",NA,NA,NA,"mustafa.mughal35",NA,"2026-07-16T19:29:03.941Z",NA
"STD191847","ADM147888", 9,"Sana","Khan","Female","2020-07-12", 6,"Class 1","A","AB-","Islam","Pakistani","Omar Khan",NA,NA,"+923017004160",NA,"House No. 216, Street 10, Model Town","Lahore","Punjab","54000",NA,"94%",59,54,71,60,NA,NA,NA,NA,NA,NA,NA,NA,NA,73,NA,317,500,63.40,"B","Pass","Paid",NA,NA,NA,"sana.khan96",NA,"2026-07-16T19:29:03.939Z",NA
"STD344525","ADM814454", 7,"Iqra","Siddiqui","Female","2013-12-17",13,"Class 7","A","A-","Hinduism","Pakistani","Fahad Siddiqui",NA,NA,"+923024831938",NA,"House No. 167, Avenue 10, Gulshan-e-Iqbal","Karachi","Sindh","74200",NA,"88%",88,96,97,NA,84,NA, 89, 87,NA,NA,NA,NA,NA,NA,84,625,700,89.29,"A+","Pass","Paid",NA,NA,NA,"iqra.siddiqui16",NA,"2026-07-16T19:29:03.942Z",NA
"STD582572","ADM288055",18,"Talha","Butt","Male","2010-07-28",16,"Class 10","B","A+","Islam","Pakistani","Abdullah Butt",NA,NA,"+923015942850",NA,"House No. 33, Street 6, Sector F-10","Islamabad","Islamabad Capital Territory","44000",NA,"72%",59,67,52,NA,NA,NA,NA,NA,45,53,NA,NA,79,51,NA,406,700,58.00,"C","Pass","Paid",NA,NA,NA,"talha.butt44",NA,"2026-07-16T19:29:03.945Z",NA
"STD456457","ADM299270",18,"Mustafa","Shah","Male","2013-10-23",13,"Class 7","B","A-","Christianity","Pakistani","Usman Shah",NA,NA,"+923124413582",NA,"House No. 219, Lane 7, PECHS","Karachi","Sindh","74200",NA,"96%",41,38,39,NA,42,NA, 30, 37,NA,NA,NA,NA,NA,NA,37,264,700,37.71,"F","Fail","Paid",NA,NA,NA,"mustafa.shah30",NA,"2026-07-16T19:29:03.942Z",NA
"STD120223","ADM138078",29,"Talha","Ahmed","Male","2013-01-07",13,"Class 8","C","A-","Islam","Pakistani","Ali Ahmed",NA,NA,"+923005216082",NA,"House No. 405, Lane 4, Sector I-8","Islamabad","Islamabad Capital Territory","44000",NA,"81%",61,48,54,NA,77,NA, 45, 76,NA,NA,NA,NA,NA,76,NA,437,700,62.43,"B","Pass","Paid",NA,NA,NA,"talha.ahmed63",NA,"2026-07-16T19:29:03.945Z",NA
"STD238571","ADM926737",20,"Abdullah","Malik","Male","2018-03-12", 8,"Class 3","B","B+","Islam","Pakistani","Arsalan Malik",NA,NA,"+923459110412",NA,"House No. 154, Street 7, Sector G-11","Islamabad","Islamabad Capital Territory","44000",NA,"87%",47,39,37,46,NA,NA,NA,NA,NA,NA,NA,NA,NA,41,NA,210,500,42.00,"D","Pass","Unpaid",NA,NA,NA,"abdullah.malik24",NA,"2026-07-16T19:29:03.940Z",NA
"STD734125","ADM497761",25,"Zain","Abbasi","Male","2014-11-18",12,"Class 6","C","A-","Christianity","Pakistani","Arsalan Abbasi",NA,NA,"+923454609697",NA,"House No. 214, Road 12, Sector G-11","Islamabad","Islamabad Capital Territory","44000",NA,"85%",38,44,30,NA,32,NA, 33, 34,NA,NA,NA,NA,NA,NA,37,248,700,35.43,"F","Fail","Paid",NA,NA,NA,"zain.abbasi69",NA,"2026-07-16T19:29:03.942Z",NA
"STD889419","ADM788891",28,"Khadija","Chaudhry","Female","2013-12-09",13,"Class 8","C","O-","Islam","Pakistani","Haris Chaudhry",NA,NA,"+923338835366",NA,"House No. 458, Lane 13, Saddar","Rawalpindi","Punjab","46000",NA,"65%",95,97,88,NA,85,NA, 87, 95,NA,NA,NA,NA,NA,97,NA,644,700,92.00,"A+","Pass","Paid",NA,NA,NA,"khadija.chaudhry65",NA,"2026-07-16T19:29:03.944Z",NA
"STD213173","ADM868930",16,"Sidra","Butt","Female","2018-01-26", 8,"Class 2","B","B-","Christianity","Pakistani","Haris Butt",NA,NA,"+923454040146",NA,"House No. 1, Road 13, Gulberg","Lahore","Punjab","54000",NA,"100%",77,75,64,63,NA,NA,NA,NA,NA,NA,NA,NA,NA,NA,61,340,500,68.00,"B","Pass","Paid",NA,NA,NA,"sidra.butt92",NA,"2026-07-16T19:29:03.940Z",NA
"STD660521","ADM036740",22,"Muhammad","Abbasi","Male","2010-11-27",16,"Class 10","C","AB+","Hinduism","Pakistani","Abdullah Abbasi",NA,NA,"+923219423056",NA,"House No. 403, Avenue 4, North Nazimabad","Karachi","Sindh","74200",NA,"93%",83,92,96,NA,NA,NA,NA,NA,87,85,NA,NA,90,NA,95,628,700,89.71,"A+","Pass","Paid",NA,NA,NA,"muhammad.abbasi14",NA,"2026-07-16T19:29:03.945Z",NA
"STD811467","ADM942838",16,"Saad","Khan","Male","2017-08-14", 9,"Class 3","B","B+","Islam","Pakistani","Omar Khan",NA,NA,"+923335327203",NA,"House No. 110, Avenue 11, Defense (DHA)","Karachi","Sindh","74200",NA,"90%",56,63,49,55,NA,NA,NA,NA,NA,NA,NA,NA,NA,48,NA,271,500,54.20,"C","Pass","Unpaid",NA,NA,NA,"saad.khan54",NA,"2026-07-16T19:29:03.940Z",NA
"STD521756","ADM348466",22,"Bilal","Shah","Male","2015-02-24",11,"Class 6","C","AB-","Islam","Pakistani","Omar Shah",NA,NA,"+923453459301",NA,"House No. 294, Avenue 13, PECHS","Karachi","Sindh","74200",NA,"79%",90,86,93,NA,83,NA, 82, 83,NA,NA,NA,NA,NA,99,NA,616,700,88.00,"A+","Pass","Paid",NA,NA,NA,"bilal.shah42",NA,"2026-07-16T19:29:03.942Z",NA
"STD883932","ADM474557", 7,"Bilal","Ali","Male","2010-02-04",16,"Class 10","A","O-","Islam","Pakistani","Ali Ali",NA,NA,"+923334856625",NA,"House No. 76, Road 5, DHA Phase 5","Lahore","Punjab","54000",NA,"99%",55,66,71,NA,NA,NA,NA,NA,63,48,NA,NA,51,71,NA,425,700,60.71,"B","Pass","Paid",NA,NA,NA,"bilal.ali83",NA,"2026-07-16T19:29:03.945Z",NA
"STD630761","ADM691014",19,"Saad","Abbasi","Male","2015-11-27",11,"Class 5","B","B-","Islam","Pakistani","Zain Abbasi",NA,NA,"+923125448850",NA,"House No. 205, Road 3, Sector F-10","Islamabad","Islamabad Capital Territory","44000",NA,"91%",40,45,37,NA,30,37,NA,NA,NA,NA,NA,NA,NA,36,NA,225,600,37.50,"F","Fail","Paid",NA,NA,NA,"saad.abbasi16",NA,"2026-07-16T19:29:03.941Z",NA
"STD675374","ADM639414", 5,"Arsalan","Abbasi","Male","2019-11-07", 7,"Class 1","A","O+","Islam","Pakistani","Mustafa Abbasi",NA,NA,"+923217152538",NA,"House No. 73, Avenue 6, Defense (DHA)","Karachi","Sindh","74200",NA,"77%",28,28,17,31,NA,NA,NA,NA,NA,NA,NA,NA,NA,19,NA,123,500,24.60,"F","Fail","Paid",NA,NA,NA,"arsalan.abbasi93",NA,"2026-07-16T19:29:03.938Z",NA
"STD657309","ADM552497",18,"Usman","Khan","Male","2015-02-03",11,"Class 6","B","O-","Islam","Pakistani","Ahmed Khan",NA,NA,"+923012537010",NA,"House No. 184, Avenue 12, Satellite Town","Rawalpindi","Punjab","46000",NA,"88%",74,66,56,NA,72,NA, 57, 76,NA,NA,NA,NA,NA,67,NA,468,700,66.86,"B","Pass","Unpaid",NA,NA,NA,"usman.khan98",NA,"2026-07-16T19:29:03.942Z",NA
"STD776138","ADM695411",23,"Muhammad","Chaudhry","Male","2014-05-18",12,"Class 6","C","B-","Islam","Pakistani","Bilal Chaudhry",NA,NA,"+923338199480",NA,"House No. 357, Lane 7, Clifton","Karachi","Sindh","74200",NA,"69%",73,59,57,NA,64,NA, 54, 78,NA,NA,NA,NA,NA,67,NA,452,700,64.57,"B","Pass","Unpaid",NA,NA,NA,"muhammad.chaudhry57",NA,"2026-07-16T19:29:03.942Z",NA
"STD771807","ADM257073", 4,"Mustafa","Mughal","Male","2017-04-04", 9,"Class 4","A","B+","Christianity","Pakistani","Ahmed Mughal",NA,NA,"+923018743269",NA,"House No. 498, Avenue 10, Gulshan-e-Iqbal","Karachi","Sindh","74200",NA,"84%",16,20,15,NA,27,29,NA,NA,NA,NA,NA,NA,NA,NA,24,131,600,21.83,"F","Fail","Paid",NA,NA,NA,"mustafa.mughal19",NA,"2026-07-16T19:29:03.941Z",NA
"STD219978","ADM510611", 3,"Hira","Butt","Female","2011-04-23",15,"Class 9","A","B+","Hinduism","Pakistani","Ahmed Butt",NA,NA,"+923027974046",NA,"House No. 366, Road 10, Bahria Town","Rawalpindi","Punjab","46000",NA,"93%",91,91,95,NA,NA,NA,NA,NA,84,97,NA,NA,NA,NA,90,548,600,91.33,"A+","Pass","Paid",NA,NA,NA,"hira.butt72",NA,"2026-07-16T19:29:03.945Z",NA
"STD048279","ADM326953",26,"Sana","Butt","Female","2016-02-09",10,"Class 5","C","O-","Islam","Pakistani","Talha Butt",NA,NA,"+923216044434",NA,"House No. 445, Lane 9, Satellite Town","Rawalpindi","Punjab","46000",NA,"93%",99,90,99,NA,86,94,NA,NA,NA,NA,NA,NA,NA,96,NA,564,600,94.00,"A+","Pass","Paid",NA,NA,NA,"sana.butt72",NA,"2026-07-16T19:29:03.941Z",NA
"STD031930","ADM338192",21,"Mariam","Mughal","Female","2017-11-15", 9,"Class 4","C","O+","Islam","Pakistani","Muhammad Mughal",NA,NA,"+923005321184",NA,"House No. 238, Street 12, Sector F-10","Islamabad","Islamabad Capital Territory","44000",NA,"98%",45,63,46,NA,51,47,NA,NA,NA,NA,NA,NA,NA,47,NA,299,600,49.83,"D","Pass","Paid",NA,NA,NA,"mariam.mughal24",NA,"2026-07-16T19:29:03.941Z",NA
"STD212257","ADM566410",14,"Sana","Ali","Female","2011-03-26",15,"Class 9","B","A+","Islam","Pakistani","Mustafa Ali",NA,NA,"+923458846499",NA,"House No. 245, Street 9, Sector G-11","Islamabad","Islamabad Capital Territory","44000",NA,"74%",79,76,79,NA,NA,NA,NA,NA,70,63,NA,NA,NA,57,NA,424,600,70.67,"A","Pass","Paid",NA,NA,NA,"sana.ali16",NA,"2026-07-16T19:29:03.945Z",NA
"STD475355","ADM674549",27,"Bilal","Siddiqui","Male","2019-01-08", 7,"Class 2","C","A-","Christianity","Pakistani","Haris Siddiqui",NA,NA,"+923011235887",NA,"House No. 228, Street 1, PECHS","Karachi","Sindh","74200",NA,"71%",56,63,64,76,NA,NA,NA,NA,NA,NA,NA,NA,NA,NA,48,307,500,61.40,"B","Pass","Paid",NA,NA,NA,"bilal.siddiqui36",NA,"2026-07-16T19:29:03.940Z",NA
"STD858207","ADM662051",25,"Muhammad","Mughal","Male","2019-11-12", 7,"Class 2","C","A+","Islam","Pakistani","Bilal Mughal",NA,NA,"+923334711513",NA,"House No. 440, Street 13, Saddar","Rawalpindi","Punjab","46000",NA,"93%",94,85,99,84,NA,NA,NA,NA,NA,NA,NA,NA,NA,85,NA,447,500,89.40,"A+","Pass","Unpaid",NA,NA,NA,"muhammad.mughal43",NA,"2026-07-16T19:29:03.940Z",NA
"STD751796","ADM230883",19,"Saad","Sheikh","Male","2012-02-17",14,"Class 9","B","A-","Islam","Pakistani","Bilal Sheikh",NA,NA,"+923003109091",NA,"House No. 250, Street 5, Johar Town","Lahore","Punjab","54000",NA,"98%",70,58,76,NA,NA,NA,NA,NA,75,56,NA,NA,NA,79,NA,414,600,69.00,"B","Pass","Unpaid",NA,NA,NA,"saad.sheikh79",NA,"2026-07-16T19:29:03.945Z",NA
"STD734052","ADM996508",28,"Anum","Mughal","Female","2017-06-11", 9,"Class 4","C","O+","Islam","Pakistani","Haris Mughal",NA,NA,"+923456199660",NA,"House No. 313, Lane 1, Defense (DHA)","Karachi","Sindh","74200",NA,"80%",52,52,52,NA,69,59,NA,NA,NA,NA,NA,NA,NA,71,NA,355,600,59.17,"C","Pass","Paid",NA,NA,NA,"anum.mughal78",NA,"2026-07-16T19:29:03.941Z",NA
"STD516941","ADM073344",24,"Ahmed","Ali","Male","2011-07-07",15,"Class 9","C","O-","Islam","Pakistani","Usman Ali",NA,NA,"+923017591030",NA,"House No. 103, Street 2, North Nazimabad","Karachi","Sindh","74200",NA,"94%",59,45,79,NA,NA,NA,NA,NA,53,56,NA,NA,NA,64,NA,356,600,59.33,"C","Pass","Paid",NA,NA,NA,"ahmed.ali70",NA,"2026-07-16T19:29:03.945Z",NA
"STD320967","ADM976670",23,"Laiba","Ahmed","Female","2017-11-03", 9,"Class 3","C","B-","Islam","Pakistani","Ahmed Ahmed",NA,NA,"+923331640149",NA,"House No. 375, Road 1, Defense (DHA)","Karachi","Sindh","74200",NA,"83%",45,47,40,39,NA,NA,NA,NA,NA,NA,NA,NA,NA,45,NA,216,500,43.20,"D","Pass","Unpaid",NA,NA,NA,"laiba.ahmed84",NA,"2026-07-16T19:29:03.940Z",NA
"STD323296","ADM553575",12,"Sidra","Siddiqui","Female","2010-01-22",16,"Class 10","B","O-","Islam","Pakistani","Muhammad Siddiqui",NA,NA,"+923452679263",NA,"House No. 162, Street 10, Model Town","Lahore","Punjab","54000",NA,"79%",95,89,80,NA,NA,NA,NA,NA,84,86,NA,NA,89,83,NA,606,700,86.57,"A+","Pass","Paid",NA,NA,NA,"sidra.siddiqui38",NA,"2026-07-16T19:29:03.945Z",NA
"STD338212","ADM504950", 7,"Amna","Qureshi","Female","2013-04-11",13,"Class 8","A","AB-","Hinduism","Pakistani","Usman Qureshi",NA,NA,"+923455225892",NA,"House No. 357, Avenue 7, Model Town","Lahore","Punjab","54000",NA,"74%",38,30,43,NA,42,NA, 45, 41,NA,NA,NA,NA,NA,NA,46,285,700,40.71,"F","Fail","Paid",NA,NA,NA,"amna.qureshi73",NA,"2026-07-16T19:29:03.944Z",NA
"STD314632","ADM115707",22,"Talha","Qureshi","Male","2018-08-12", 8,"Class 3","C","O-","Islam","Pakistani","Mustafa Qureshi",NA,NA,"+923026286070",NA,"House No. 428, Avenue 13, Sector G-11","Islamabad","Islamabad Capital Territory","44000",NA,"88%",73,57,54,57,NA,NA,NA,NA,NA,NA,NA,NA,NA,64,NA,305,500,61.00,"B","Pass","Paid",NA,NA,NA,"talha.qureshi65",NA,"2026-07-16T19:29:03.940Z",NA
"STD622252","ADM044745",11,"Talha","Siddiqui","Male","2011-05-09",15,"Class 9","B","O+","Hinduism","Pakistani","Fahad Siddiqui",NA,NA,"+923459526035",NA,"House No. 470, Street 11, Gulshan-e-Iqbal","Karachi","Sindh","74200",NA,"85%",60,71,61,NA,NA,NA,NA,NA,48,71,NA,NA,NA,NA,65,376,600,62.67,"B","Pass","Paid",NA,NA,NA,"talha.siddiqui67",NA,"2026-07-16T19:29:03.945Z",NA
"STD434180","ADM475105",23,"Anum","Malik","Female","2018-10-10", 8,"Class 2","C","O+","Christianity","Pakistani","Talha Malik",NA,NA,"+923127881499",NA,"House No. 462, Street 15, Gulshan-e-Iqbal","Karachi","Sindh","74200",NA,"65%",91,91,82,99,NA,NA,NA,NA,NA,NA,NA,NA,NA,NA,81,444,500,88.80,"A+","Pass","Paid",NA,NA,NA,"anum.malik81",NA,"2026-07-16T19:29:03.940Z",NA
"STD316741","ADM172053",20,"Zainab","Khan","Female","2016-07-06",10,"Class 5","B","AB+","Islam","Pakistani","Zain Khan",NA,NA,"+923334609509",NA,"House No. 300, Street 4, DHA Phase 5","Lahore","Punjab","54000",NA,"80%",77,55,60,NA,45,61,NA,NA,NA,NA,NA,NA,NA,75,NA,373,600,62.17,"B","Pass","Unpaid",NA,NA,NA,"zainab.khan51",NA,"2026-07-16T19:29:03.941Z",NA
"STD690780","ADM240843",20,"Anum","Sheikh","Female","2016-05-28",10,"Class 4","B","O+","Islam","Pakistani","Mustafa Sheikh",NA,NA,"+923218762741",NA,"House No. 421, Lane 12, PECHS","Karachi","Sindh","74200",NA,"13%",A,A,A,NA,A,A,NA,NA,NA,NA,NA,NA,NA,A,NA,  0,600, 0.00,"N/A","Absent","Paid",NA,NA,NA,"anum.sheikh37",NA,"2026-07-16T19:29:03.941Z",NA
"STD877734","ADM200003",20,"Muhammad","Sheikh","Male","2014-04-08",12,"Class 7","B","O+","Christianity","Pakistani","Haris Sheikh",NA,NA,"+923008882491",NA,"House No. 288, Street 14, Gulshan-e-Iqbal","Karachi","Sindh","74200",NA,"65%",61,70,47,NA,62,NA, 52, 65,NA,NA,NA,NA,NA,NA,53,410,700,58.57,"C","Pass","Paid",NA,NA,NA,"muhammad.sheikh42",NA,"2026-07-16T19:29:03.944Z",NA
"STD769482","ADM168218",30,"Ali","Shah","Male","2016-11-15",10,"Class 4","C","B-","Islam","Pakistani","Talha Shah",NA,NA,"+923013103954",NA,"House No. 172, Avenue 6, Samanabad","Lahore","Punjab","54000",NA,"76%",34,31,45,NA,48,35,NA,NA,NA,NA,NA,NA,NA,37,NA,230,600,38.33,"F","Fail","Paid",NA,NA,NA,"ali.shah76",NA,"2026-07-16T19:29:03.941Z",NA
"STD161794","ADM798989", 8,"Sana","Shah","Female","2017-02-21", 9,"Class 3","A","O+","Christianity","Pakistani","Bilal Shah",NA,NA,"+923218524344",NA,"House No. 207, Street 15, Bani Gala","Islamabad","Islamabad Capital Territory","44000",NA,"93%",37,30,44,35,NA,NA,NA,NA,NA,NA,NA,NA,NA,NA,46,192,500,38.40,"F","Fail","Paid",NA,NA,NA,"sana.shah14",NA,"2026-07-16T19:29:03.940Z",NA
"STD748286","ADM202865",29,"Zain","Qureshi","Male","2015-11-26",11,"Class 5","C","AB+","Islam","Pakistani","Hamza Qureshi",NA,NA,"+923457897337",NA,"House No. 432, Road 14, Bani Gala","Islamabad","Islamabad Capital Territory","44000",NA,"80%",46,43,43,NA,43,46,NA,NA,NA,NA,NA,NA,NA,37,NA,258,600,43.00,"D","Pass","Paid",NA,NA,NA,"zain.qureshi36",NA,"2026-07-16T19:29:03.942Z",NA
"STD262008","ADM916006",13,"Saba","Sheikh","Female","2011-01-06",15,"Class 9","B","A+","Islam","Pakistani","Talha Sheikh",NA,NA,"+923335117147",NA,"House No. 333, Road 1, Gulshan-e-Iqbal","Karachi","Sindh","74200",NA,"96%",31,40,36,NA,NA,NA,NA,NA,42,34,NA,NA,NA,35,NA,218,600,36.33,"F","Fail","Paid",NA,NA,NA,"saba.sheikh98",NA,"2026-07-16T19:29:03.945Z",NA
"STD041568","ADM215309",28,"Fatima","Khan","Female","2020-03-09", 6,"Class 1","C","AB+","Islam","Pakistani","Arsalan Khan",NA,NA,"+923017224679",NA,"House No. 290, Street 4, Chaklala Scheme III","Rawalpindi","Punjab","46000",NA,"75%",50,77,53,48,NA,NA,NA,NA,NA,NA,NA,NA,NA,69,NA,297,500,59.40,"C","Pass","Unpaid",NA,NA,NA,"fatima.khan87",NA,"2026-07-16T19:29:03.939Z",NA
"STD402814","ADM740346", 2,"Amna","Siddiqui","Female","2012-12-21",14,"Class 8","A","AB+","Islam","Pakistani","Ahmed Siddiqui",NA,NA,"+923211773693",NA,"House No. 20, Lane 8, Gulshan-e-Iqbal","Karachi","Sindh","74200",NA,"69%",97,88,80,NA,85,NA, 87, 98,NA,NA,NA,NA,NA,84,NA,619,700,88.43,"A+","Pass","Paid",NA,NA,NA,"amna.siddiqui24",NA,"2026-07-16T19:29:03.944Z",NA
"STD449060","ADM887221",11,"Sana","Siddiqui","Female","2011-11-12",15,"Class 10","B","B-","Islam","Pakistani","Ahmed Siddiqui",NA,NA,"+923016896265",NA,"House No. 369, Road 11, Bani Gala","Islamabad","Islamabad Capital Territory","44000",NA,"77%",65,46,59,NA,NA,NA,NA,NA,55,58,NA,NA,63,47,NA,393,700,56.14,"C","Pass","Paid",NA,NA,NA,"sana.siddiqui97",NA,"2026-07-16T19:29:03.945Z",NA
"STD676480","ADM551380",11,"Anum","Chaudhry","Female","2013-09-13",13,"Class 8","B","A-","Islam","Pakistani","Bilal Chaudhry",NA,NA,"+923332235557",NA,"House No. 359, Lane 11, Sector G-11","Islamabad","Islamabad Capital Territory","44000",NA,"69%",71,76,67,NA,74,NA, 53, 54,NA,NA,NA,NA,NA,58,NA,453,700,64.71,"B","Pass","Paid",NA,NA,NA,"anum.chaudhry65",NA,"2026-07-16T19:29:03.944Z",NA
"STD076295","ADM659979",14,"Ayesha","Chaudhry","Female","2010-01-15",16,"Class 10","B","B+","Islam","Pakistani","Arsalan Chaudhry",NA,NA,"+923214452922",NA,"House No. 275, Street 2, Bani Gala","Islamabad","Islamabad Capital Territory","44000",NA,"100%",35,48,33,NA,NA,NA,NA,NA,35,34,NA,NA,33,48,NA,266,700,38.00,"D","Pass","Unpaid",NA,NA,NA,"ayesha.chaudhry20",NA,"2026-07-16T19:29:03.945Z",NA
"STD221050","ADM420383",23,"Zainab","Qureshi","Female","2014-01-18",12,"Class 7","C","A+","Islam","Pakistani","Ahmed Qureshi",NA,NA,"+923016453923",NA,"House No. 367, Street 5, DHA Phase 5","Lahore","Punjab","54000",NA,"96%",56,76,63,NA,56,NA, 76, 48,NA,NA,NA,NA,NA,72,NA,447,700,63.86,"B","Pass","Paid",NA,NA,NA,"zainab.qureshi47",NA,"2026-07-16T19:29:03.944Z",NA
"STD379228","ADM891873",14,"Haris","Ahmed","Male","2015-08-04",11,"Class 5","B","B-","Islam","Pakistani","Abdullah Ahmed",NA,NA,"+923016589266",NA,"House No. 208, Street 9, Defense (DHA)","Karachi","Sindh","74200",NA,"91%",62,67,76,NA,76,67,NA,NA,NA,NA,NA,NA,NA,76,NA,424,600,70.67,"A","Pass","Paid",NA,NA,NA,"haris.ahmed11",NA,"2026-07-16T19:29:03.941Z",NA
"STD317744","ADM727198",17,"Sidra","Sheikh","Female","2013-11-03",13,"Class 8","B","AB+","Islam","Pakistani","Saad Sheikh",NA,NA,"+923027904060",NA,"House No. 214, Lane 1, Chaklala Scheme III","Rawalpindi","Punjab","46000",NA,"90%",49,77,60,NA,45,NA, 52, 56,NA,NA,NA,NA,NA,60,NA,399,700,57.00,"C","Pass","Paid",NA,NA,NA,"sidra.sheikh33",NA,"2026-07-16T19:29:03.944Z",NA
"STD748286","ADM202865",29,"Zain","Qureshi","Male","2015-11-26",11,"Class 5","C","AB+","Islam","Pakistani","Hamza Qureshi",NA,NA,"+923457897337",NA,"House No. 432, Road 14, Bani Gala","Islamabad","Islamabad Capital Territory","44000",NA,"80%",46,43,43,NA,43,46,NA,NA,NA,NA,NA,NA,NA,37,NA,258,600,43.00,"D","Pass","Paid",NA,NA,NA,"zain.qureshi36",NA,"2026-07-16T19:29:03.942Z",NA
"STD878778","ADM143938",13,"Ayesha","Ahmed","Female","2016-06-20",10,"Class 5","B","A-","Islam","Pakistani","Ahmed Ahmed",NA,NA,"+923015345912",NA,"House No. 80, Road 6, Sector I-8","Islamabad","Islamabad Capital Territory","44000",NA,"85%",88,93,81,NA,100,94,NA,NA,NA,NA,NA,NA,NA,89,NA,545,600,90.83,"A+","Pass","Unpaid",NA,NA,NA,"ayesha.ahmed65",NA,"2026-07-16T19:29:03.941Z",NA
"STD567778","ADM487300", 8,"Saba","Mughal","Female","2019-11-26", 7,"Class 2","A","O-","Islam","Pakistani","Saad Mughal",NA,NA,"+923335926686",NA,"House No. 129, Road 13, Johar Town","Lahore","Punjab","54000",NA,"69%",62,65,65,56,NA,NA,NA,NA,NA,NA,NA,NA,NA,74,NA,322,500,64.40,"B","Pass","Paid",NA,NA,NA,"saba.mughal75",NA,"2026-07-16T19:29:03.940Z",NA
"STD582276","ADM551507", 2,"Ayesha","Khan","Female","2014-04-06",12,"Class 7","A","B-","Hinduism","Pakistani","Bilal Khan",NA,NA,"+923336628468",NA,"House No. 459, Lane 2, Gulshan-e-Iqbal","Karachi","Sindh","74200",NA,"87%",57,72,67,NA,53,NA, 66, 67,NA,NA,NA,NA,NA,NA,59,441,700,63.00,"B","Pass","Unpaid",NA,NA,NA,"ayesha.khan99",NA,"2026-07-16T19:29:03.942Z",NA
"STD171753","ADM723657",17,"Laiba","Malik","Female","2016-08-09",10,"Class 4","B","B-","Islam","Pakistani","Ali Malik",NA,NA,"+923458648951",NA,"House No. 142, Street 3, Clifton","Karachi","Sindh","74200",NA,"81%",76,47,53,NA,73,64,NA,NA,NA,NA,NA,NA,NA,61,NA,374,600,62.33,"B","Pass","Paid",NA,NA,NA,"laiba.malik73",NA,"2026-07-16T19:29:03.941Z",NA
"STD795126","ADM638762", 7,"Mustafa","Ahmed","Male","2015-02-06",11,"Class 6","A","B-","Islam","Pakistani","Saad Ahmed",NA,NA,"+923456462361",NA,"House No. 272, Road 10, Clifton","Karachi","Sindh","74200",NA,"99%",99,98,83,NA,88,NA, 90, 84,NA,NA,NA,NA,NA,88,NA,630,700,90.00,"A+","Pass","Paid",NA,NA,NA,"mustafa.ahmed50",NA,"2026-07-16T19:29:03.942Z",NA
"STD158355","ADM271937",15,"Amna","Shah","Female","2012-12-24",14,"Class 8","B","A+","Hinduism","Pakistani","Fahad Shah",NA,NA,"+923002744640",NA,"House No. 256, Avenue 1, Gulshan-e-Iqbal","Karachi","Sindh","74200",NA,"75%",89,96,94,NA,95,NA, 93, 80,NA,NA,NA,NA,NA,NA,100,647,700,92.43,"A+","Pass","Paid",NA,NA,NA,"amna.shah40",NA,"2026-07-16T19:29:03.944Z",NA
"STD808380","ADM078447",28,"Sana","Malik","Female","2017-12-06", 9,"Class 3","C","B+","Hinduism","Pakistani","Muhammad Malik",NA,NA,"+923022773713",NA,"House No. 424, Road 9, Samanabad","Lahore","Punjab","54000",NA,"78%",73,74,47,57,NA,NA,NA,NA,NA,NA,NA,NA,NA,NA,58,309,500,61.80,"B","Pass","Paid",NA,NA,NA,"sana.malik88",NA,"2026-07-16T19:29:03.941Z",NA
"STD360634","ADM152604", 2,"Zainab","Qureshi","Female","2019-06-06", 7,"Class 1","A","AB-","Islam","Pakistani","Talha Qureshi",NA,NA,"+923014554952",NA,"House No. 468, Avenue 5, Clifton","Karachi","Sindh","74200",NA,"18%",A,A,A,A,NA,NA,NA,NA,NA,NA,NA,NA,NA,A,NA,  0,500, 0.00,"N/A","Absent","Paid",NA,NA,NA,"zainab.qureshi71",NA,"2026-07-16T19:29:03.938Z",NA
"STD933548","ADM621912",13,"Laiba","Sheikh","Female","2012-02-04",14,"Class 8","B","AB+","Islam","Pakistani","Arsalan Sheikh",NA,NA,"+923339911633",NA,"House No. 307, Avenue 3, Saddar","Rawalpindi","Punjab","46000",NA,"73%",88,81,92,NA,84,NA, 87, 96,NA,NA,NA,NA,NA,89,NA,617,700,88.14,"A+","Pass","Unpaid",NA,NA,NA,"laiba.sheikh26",NA,"2026-07-16T19:29:03.944Z",NA
"STD534520","ADM225598", 8,"Haris","Chaudhry","Male","2014-06-03",12,"Class 6","A","B-","Hinduism","Pakistani","Usman Chaudhry",NA,NA,"+923218577928",NA,"House No. 401, Avenue 6, Satellite Town","Rawalpindi","Punjab","46000",NA,"65%",79,52,72,NA,45,NA, 73, 49,NA,NA,NA,NA,NA,NA,58,428,700,61.14,"B","Pass","Paid",NA,NA,NA,"haris.chaudhry34",NA,"2026-07-16T19:29:03.942Z",NA
"STD153452","ADM436924",26,"Bilal","Ali","Male","2019-04-01", 7,"Class 1","C","AB+","Islam","Pakistani","Ahmed Ali",NA,NA,"+923333338114",NA,"House No. 200, Avenue 1, Samanabad","Lahore","Punjab","54000",NA,"96%",79,67,71,78,NA,NA,NA,NA,NA,NA,NA,NA,NA,62,NA,357,500,71.40,"A","Pass","Paid",NA,NA,NA,"bilal.ali25",NA,"2026-07-16T19:29:03.939Z",NA
"STD980534","ADM264399", 8,"Iqra","Ali","Female","2011-02-19",15,"Class 10","A","A+","Hinduism","Pakistani","Haris Ali",NA,NA,"+923021805034",NA,"House No. 157, Lane 7, Model Town","Lahore","Punjab","54000",NA,"88%",46,59,48,NA,NA,NA,NA,NA,69,55,NA,NA,50,NA,46,373,700,53.29,"C","Pass","Paid",NA,NA,NA,"iqra.ali30",NA,"2026-07-16T19:29:03.945Z",NA
"STD790606","ADM060052", 5,"Hira","Mughal","Female","2019-06-03", 7,"Class 2","A","B+","Christianity","Pakistani","Zain Mughal",NA,NA,"+923128207755",NA,"House No. 90, Avenue 7, PECHS","Karachi","Sindh","74200",NA,"92%",50,57,47,75,NA,NA,NA,NA,NA,NA,NA,NA,NA,NA,47,276,500,55.20,"C","Pass","Paid",NA,NA,NA,"hira.mughal87",NA,"2026-07-16T19:29:03.939Z",NA
"STD415515","ADM406267",17,"Zain","Chaudhry","Male","2012-08-16",14,"Class 9","B","B-","Hinduism","Pakistani","Mustafa Chaudhry",NA,NA,"+923456093965",NA,"House No. 105, Street 10, Chaklala Scheme III","Rawalpindi","Punjab","46000",NA,"91%",91,90,99,NA,NA,NA,NA,NA,82,89,NA,NA,NA,NA,91,542,600,90.33,"A+","Pass","Unpaid",NA,NA,NA,"zain.chaudhry85",NA,"2026-07-16T19:29:03.945Z",NA
"STD087223","ADM755594", 7,"Saad","Sheikh","Male","2019-03-01", 7,"Class 2","A","A+","Islam","Pakistani","Saad Sheikh",NA,NA,"+923213396026",NA,"House No. 474, Street 4, Sector F-10","Islamabad","Islamabad Capital Territory","44000",NA,"91%",51,65,74,74,NA,NA,NA,NA,NA,NA,NA,NA,NA,57,NA,321,500,64.20,"B","Pass","Paid",NA,NA,NA,"saad.sheikh48",NA,"2026-07-16T19:29:03.940Z",NA
"STD551055","ADM967987",12,"Ahmed","Ahmed","Male","2011-12-01",15,"Class 9","B","O-","Hinduism","Pakistani","Abdullah Ahmed",NA,NA,"+923028658208",NA,"House No. 263, Street 7, Bahria Town","Rawalpindi","Punjab","46000",NA,"91%",54,50,67,NA,NA,NA,NA,NA,73,54,NA,NA,NA,NA,52,350,600,58.33,"C","Pass","Unpaid",NA,NA,NA,"ahmed.ahmed14",NA,"2026-07-16T19:29:03.945Z",NA
"STD582942","ADM102525",19,"Fahad","Khan","Male","2020-07-24", 6,"Class 1","B","O-","Hinduism","Pakistani","Talha Khan",NA,NA,"+923215630030",NA,"House No. 107, Street 9, Chaklala Scheme III","Rawalpindi","Punjab","46000",NA,"98%",56,73,76,64,NA,NA,NA,NA,NA,NA,NA,NA,NA,NA,75,344,500,68.80,"B","Pass","Unpaid",NA,NA,NA,"fahad.khan15",NA,"2026-07-16T19:29:03.939Z",NA
"STD613326","ADM752161", 8,"Mahnoor","Qureshi","Female","2012-03-21",14,"Class 9","A","AB-","Islam","Pakistani","Ahmed Qureshi",NA,NA,"+923122462282",NA,"House No. 57, Avenue 14, Saddar","Rawalpindi","Punjab","46000",NA,"75%",65,63,70,NA,NA,NA,NA,NA,71,75,NA,NA,NA,71,NA,415,600,69.17,"B","Pass","Paid",NA,NA,NA,"mahnoor.qureshi61",NA,"2026-07-16T19:29:03.945Z",NA
"STD650236","ADM552846", 3,"Saba","Qureshi","Female","2020-01-11", 6,"Class 1","A","O+","Islam","Pakistani","Ahmed Qureshi",NA,NA,"+923028984273",NA,"House No. 435, Road 8, Defense (DHA)","Karachi","Sindh","74200",NA,"85%",31,30,48,41,NA,NA,NA,NA,NA,NA,NA,NA,NA,48,NA,198,500,39.60,"F","Fail","Unpaid",NA,NA,NA,"saba.qureshi96",NA,"2026-07-16T19:29:03.938Z",NA
"STD476704","ADM563248",13,"Hamza","Khan","Male","2011-01-04",15,"Class 10","B","AB+","Islam","Pakistani","Ali Khan",NA,NA,"+923336138295",NA,"House No. 278, Avenue 3, DHA Phase 5","Lahore","Punjab","54000",NA,"92%",16,26,20,NA,NA,NA,NA,NA,14,22,NA,NA,21,18,NA,137,700,19.57,"F","Fail","Paid",NA,NA,NA,"hamza.khan54",NA,"2026-07-16T19:29:03.945Z",NA
"STD657691","ADM664482",15,"Mariam","Ali","Female","2018-07-06", 8,"Class 3","B","B-","Islam","Pakistani","Omar Ali",NA,NA,"+923025059102",NA,"House No. 204, Road 8, Gulshan-e-Iqbal","Karachi","Sindh","74200",NA,"73%",91,99,98,91,NA,NA,NA,NA,NA,NA,NA,NA,NA,91,NA,470,500,94.00,"A+","Pass","Unpaid",NA,NA,NA,"mariam.ali86",NA,"2026-07-16T19:29:03.940Z",NA
"STD118317","ADM147540", 3,"Mahnoor","Malik","Female","2012-12-06",14,"Class 8","A","O+","Christianity","Pakistani","Abdullah Malik",NA,NA,"+923122321376",NA,"House No. 159, Lane 11, Gulberg","Lahore","Punjab","54000",NA,"75%",50,58,60,NA,79,NA, 45, 56,NA,NA,NA,NA,NA,NA,76,424,700,60.57,"B","Pass","Paid",NA,NA,NA,"mahnoor.malik21",NA,"2026-07-16T19:29:03.944Z",NA
"STD523910","ADM216575", 6,"Sara","Ahmed","Female","2011-04-04",15,"Class 9","A","B-","Islam","Pakistani","Fahad Ahmed",NA,NA,"+923021451289",NA,"House No. 4, Avenue 4, Satellite Town","Rawalpindi","Punjab","46000",NA,"90%",59,77,66,NA,NA,NA,NA,NA,62,52,NA,NA,NA,77,NA,393,600,65.50,"B","Pass","Paid",NA,NA,NA,"sara.ahmed82",NA,"2026-07-16T19:29:03.945Z",NA
"STD640909","ADM798120",24,"Mustafa","Qureshi","Male","2018-11-21", 8,"Class 3","C","A+","Christianity","Pakistani","Talha Qureshi",NA,NA,"+923332631245",NA,"House No. 331, Road 10, PECHS","Karachi","Sindh","74200",NA,"86%",61,61,51,74,NA,NA,NA,NA,NA,NA,NA,NA,NA,NA,75,322,500,64.40,"B","Pass","Unpaid",NA,NA,NA,"mustafa.qureshi50",NA,"2026-07-16T19:29:03.940Z",NA
"STD025689","ADM961344",20,"Amna","Ali","Female","2011-02-07",15,"Class 10","B","A+","Islam","Pakistani","Omar Ali",NA,NA,"+923005855256",NA,"House No. 18, Street 3, Chaklala Scheme III","Rawalpindi","Punjab","46000",NA,"74%",100,81,81,NA,NA,NA,NA,NA,90,87,NA,NA,84,95,NA,618,700,88.29,"A+","Pass","Unpaid",NA,NA,NA,"amna.ali15",NA,"2026-07-16T19:29:03.945Z",NA
"STD379738","ADM350543", 2,"Saad","Shah","Male","2016-02-07",10,"Class 5","A","O+","Islam","Pakistani","Fahad Shah",NA,NA,"+923126585475",NA,"House No. 140, Lane 6, Bani Gala","Islamabad","Islamabad Capital Territory","44000",NA,"89%",91,100,81,NA,98,90,NA,NA,NA,NA,NA,NA,NA,84,NA,544,600,90.67,"A+","Pass","Paid",NA,NA,NA,"saad.shah33",NA,"2026-07-16T19:29:03.941Z",NA
"STD798144","ADM791023",22,"Mariam","Siddiqui","Female","2019-03-25", 7,"Class 2","C","A+","Islam","Pakistani","Ali Siddiqui",NA,NA,"+923212018651",NA,"House No. 264, Lane 15, Gulshan-e-Iqbal","Karachi","Sindh","74200",NA,"79%",84,83,90,85,NA,NA,NA,NA,NA,NA,NA,NA,NA,82,NA,424,500,84.80,"A+","Pass","Paid",NA,NA,NA,"mariam.siddiqui83",NA,"2026-07-16T19:29:03.940Z",NA
"STD114715","ADM032053",18,"Ahmed","Chaudhry","Male","2019-07-01", 7,"Class 2","B","B+","Hinduism","Pakistani","Ahmed Chaudhry",NA,NA,"+923216120535",NA,"House No. 369, Street 4, PECHS","Karachi","Sindh","74200",NA,"82%",55,52,60,78,NA,NA,NA,NA,NA,NA,NA,NA,NA,NA,63,308,500,61.60,"B","Pass","Unpaid",NA,NA,NA,"ahmed.chaudhry89",NA,"2026-07-16T19:29:03.940Z",NA
"STD166314","ADM028319",16,"Arsalan","Mughal","Male","2011-03-15",15,"Class 9","B","B-","Christianity","Pakistani","Omar Mughal",NA,NA,"+923002796546",NA,"House No. 346, Lane 9, Johar Town","Lahore","Punjab","54000",NA,"93%",64,60,45,NA,NA,NA,NA,NA,71,46,NA,NA,NA,NA,54,340,600,56.67,"C","Pass","Paid",NA,NA,NA,"arsalan.mughal39",NA,"2026-07-16T19:29:03.945Z",NA
"STD685579","ADM885155", 9,"Fahad","Siddiqui","Male","2018-05-27", 8,"Class 3","A","AB-","Islam","Pakistani","Saad Siddiqui",NA,NA,"+923331507070",NA,"House No. 183, Street 9, Model Town","Lahore","Punjab","54000",NA,"75%",87,81,96,98,NA,NA,NA,NA,NA,NA,NA,NA,NA,86,NA,448,500,89.60,"A+","Pass","Unpaid",NA,NA,NA,"fahad.siddiqui34",NA,"2026-07-16T19:29:03.940Z",NA
"STD010418","ADM029787",16,"Mahnoor","Qureshi","Female","2014-03-20",12,"Class 7","B","AB-","Islam","Pakistani","Zain Qureshi",NA,NA,"+923029432090",NA,"House No. 414, Lane 3, Bani Gala","Islamabad","Islamabad Capital Territory","44000",NA,"77%",56,59,56,NA,69,NA, 73, 55,NA,NA,NA,NA,NA,63,NA,431,700,61.57,"B","Pass","Paid",NA,NA,NA,"mahnoor.qureshi23",NA,"2026-07-16T19:29:03.942Z",NA
"STD310438","ADM271430",15,"Talha","Abbasi","Male","2019-09-12", 7,"Class 2","B","O-","Islam","Pakistani","Muhammad Abbasi",NA,NA,"+923123560699",NA,"House No. 214, Street 12, DHA Phase 5","Lahore","Punjab","54000",NA,"25%",A,A,A,A,NA,NA,NA,NA,NA,NA,NA,NA,NA,A,NA,  0,500, 0.00,"N/A","Absent","Paid",NA,NA,NA,"talha.abbasi62",NA,"2026-07-16T19:29:03.940Z",NA
"STD565430","ADM674119",20,"Hira","Shah","Female","2020-04-07", 6,"Class 1","B","B+","Hinduism","Pakistani","Hamza Shah",NA,NA,"+923122132153",NA,"House No. 462, Avenue 7, Samanabad","Lahore","Punjab","54000",NA,"77%",46,50,48,71,NA,NA,NA,NA,NA,NA,NA,NA,NA,NA,75,290,500,58.00,"C","Pass","Paid",NA,NA,NA,"hira.shah92",NA,"2026-07-16T19:29:03.939Z",NA
"STD621657","ADM568474",18,"Saad","Ali","Male","2019-05-14", 7,"Class 1","B","AB+","Hinduism","Pakistani","Abdullah Ali",NA,NA,"+923127842837",NA,"House No. 264, Lane 10, DHA Phase 5","Lahore","Punjab","54000",NA,"89%",49,64,68,72,NA,NA,NA,NA,NA,NA,NA,NA,NA,NA,61,314,500,62.80,"B","Pass","Paid",NA,NA,NA,"saad.ali92",NA,"2026-07-16T19:29:03.939Z",NA
"STD655980","ADM887481",27,"Ahmed","Shah","Male","2013-02-09",13,"Class 8","C","B+","Islam","Pakistani","Ali Shah",NA,NA,"+923128448448",NA,"House No. 103, Avenue 13, Satellite Town","Rawalpindi","Punjab","46000",NA,"70%",77,59,73,NA,64,NA, 62, 62,NA,NA,NA,NA,NA,60,NA,457,700,65.29,"B","Pass","Paid",NA,NA,NA,"ahmed.shah36",NA,"2026-07-16T19:29:03.944Z",NA
"STD632779","ADM767060",19,"Muhammad","Ahmed","Male","2014-09-09",12,"Class 6","B","AB+","Islam","Pakistani","Muhammad Ahmed",NA,NA,"+923215421689",NA,"House No. 246, Lane 13, Gulshan-e-Iqbal","Karachi","Sindh","74200",NA,"74%",64,45,65,NA,48,NA, 61, 74,NA,NA,NA,NA,NA,61,NA,418,700,59.71,"C","Pass","Paid",NA,NA,NA,"muhammad.ahmed94",NA,"2026-07-16T19:29:03.942Z",NA
"STD648667","ADM241163",27,"Zain","Chaudhry","Male","2014-05-11",12,"Class 7","C","AB+","Hinduism","Pakistani","Zain Chaudhry",NA,NA,"+923218259166",NA,"House No. 137, Road 11, Johar Town","Lahore","Punjab","54000",NA,"85%",96,80,89,NA,86,NA, 99,100,NA,NA,NA,NA,NA,NA,91,641,700,91.57,"A+","Pass","Unpaid",NA,NA,NA,"zain.chaudhry58",NA,"2026-07-16T19:29:03.944Z",NA
"STD689393","ADM403740",24,"Mahnoor","Siddiqui","Female","2010-03-12",16,"Class 10","C","AB+","Christianity","Pakistani","Muhammad Siddiqui",NA,NA,"+923125051900",NA,"House No. 133, Street 11, North Nazimabad","Karachi","Sindh","74200",NA,"68%",76,55,67,NA,NA,NA,NA,NA,49,56,NA,NA,77,NA,49,429,700,61.29,"B","Pass","Unpaid",NA,NA,NA,"mahnoor.siddiqui53",NA,"2026-07-16T19:29:03.945Z",NA
"STD273270","ADM948575",25,"Talha","Khan","Male","2012-07-13",14,"Class 9","C","AB+","Christianity","Pakistani","Omar Khan",NA,NA,"+923218660208",NA,"House No. 16, Avenue 3, Gulberg","Lahore","Punjab","54000",NA,"72%",60,68,61,NA,NA,NA,NA,NA,79,66,NA,NA,NA,NA,49,383,600,63.83,"B","Pass","Paid",NA,NA,NA,"talha.khan56",NA,"2026-07-16T19:29:03.945Z",NA
"STD412509","ADM762311", 5,"Ali","Khan","Male","2015-12-18",11,"Class 6","A","O+","Islam","Pakistani","Haris Khan",NA,NA,"+923028700579",NA,"House No. 295, Road 3, Chaklala Scheme III","Rawalpindi","Punjab","46000",NA,"96%",68,76,46,NA,72,NA, 74, 65,NA,NA,NA,NA,NA,52,NA,453,700,64.71,"B","Pass","Paid",NA,NA,NA,"ali.khan30",NA,"2026-07-16T19:29:03.942Z",NA
"STD062559","ADM296250",30,"Muhammad","Khan","Male","2010-01-19",16,"Class 10","C","A-","Hinduism","Pakistani","Fahad Khan",NA,NA,"+923216735323",NA,"House No. 339, Road 9, Chaklala Scheme III","Rawalpindi","Punjab","46000",NA,"78%",30,19,25,NA,NA,NA,NA,NA,29,20,NA,NA,12,NA,17,152,700,21.71,"F","Fail","Paid",NA,NA,NA,"muhammad.khan61",NA,"2026-07-16T19:29:03.945Z",NA
"STD979718","ADM369068", 1,"Iqra","Mughal","Female","2018-09-24", 8,"Class 3","A","O-","Islam","Pakistani","Arsalan Mughal",NA,NA,"+923018824981",NA,"House No. 410, Road 12, DHA Phase 5","Lahore","Punjab","54000",NA,"97%",51,79,50,46,NA,NA,NA,NA,NA,NA,NA,NA,NA,75,NA,301,500,60.20,"B","Pass","Paid",NA,NA,NA,"iqra.mughal19",NA,"2026-07-16T19:29:03.940Z",NA
"STD357655","ADM712930",15,"Omar","Siddiqui","Male","2016-09-25",10,"Class 4","B","O-","Islam","Pakistani","Hamza Siddiqui",NA,NA,"+923027146843",NA,"House No. 499, Street 2, Model Town","Lahore","Punjab","54000",NA,"71%",39,31,32,NA,31,32,NA,NA,NA,NA,NA,NA,NA,35,NA,200,600,33.33,"F","Fail","Paid",NA,NA,NA,"omar.siddiqui73",NA,"2026-07-16T19:29:03.941Z",NA
"STD403270","ADM958394",21,"Hira","Mughal","Female","2018-08-12", 8,"Class 2","C","B+","Islam","Pakistani","Saad Mughal",NA,NA,"+923453154022",NA,"House No. 435, Street 2, Samanabad","Lahore","Punjab","54000",NA,"91%",81,88,100,80,NA,NA,NA,NA,NA,NA,NA,NA,NA,85,NA,434,500,86.80,"A+","Pass","Paid",NA,NA,NA,"hira.mughal10",NA,"2026-07-16T19:29:03.940Z",NA
"STD430478","ADM772272", 9,"Fatima","Khan","Female","2014-03-19",12,"Class 6","A","AB+","Islam","Pakistani","Fahad Khan",NA,NA,"+923006479292",NA,"House No. 59, Lane 1, Model Town","Lahore","Punjab","54000",NA,"97%",72,79,62,NA,53,NA, 48, 52,NA,NA,NA,NA,NA,61,NA,427,700,61.00,"B","Pass","Paid",NA,NA,NA,"fatima.khan75",NA,"2026-07-16T19:29:03.942Z",NA
"STD918931","ADM744411",13,"Mustafa","Abbasi","Male","2015-02-28",11,"Class 6","B","B+","Christianity","Pakistani","Hamza Abbasi",NA,NA,"+923457146008",NA,"House No. 493, Street 14, Samanabad","Lahore","Punjab","54000",NA,"89%",61,52,75,NA,67,NA, 77, 58,NA,NA,NA,NA,NA,NA,70,460,700,65.71,"B","Pass","Paid",NA,NA,NA,"mustafa.abbasi51",NA,"2026-07-16T19:29:03.942Z",NA
"STD678285","ADM256252", 6,"Mustafa","Mughal","Male","2014-12-04",12,"Class 6","A","AB+","Hinduism","Pakistani","Saad Mughal",NA,NA,"+923125010695",NA,"House No. 289, Avenue 15, Clifton","Karachi","Sindh","74200",NA,"76%",78,67,49,NA,67,NA, 56, 65,NA,NA,NA,NA,NA,NA,64,446,700,63.71,"B","Pass","Paid",NA,NA,NA,"mustafa.mughal70",NA,"2026-07-16T19:29:03.942Z",NA
"STD452205","ADM343718",11,"Hamza","Mughal","Male","2018-09-01", 8,"Class 2","B","B+","Islam","Pakistani","Fahad Mughal",NA,NA,"+923334376727",NA,"House No. 453, Road 14, Satellite Town","Rawalpindi","Punjab","46000",NA,"88%",76,54,58,66,NA,NA,NA,NA,NA,NA,NA,NA,NA,52,NA,306,500,61.20,"B","Pass","Paid",NA,NA,NA,"hamza.mughal70",NA,"2026-07-16T19:29:03.940Z",NA
"STD181070","ADM762880",14,"Ayesha","Mughal","Female","2013-05-06",13,"Class 8","B","A+","Islam","Pakistani","Zain Mughal",NA,NA,"+923006254850",NA,"House No. 362, Avenue 12, Samanabad","Lahore","Punjab","54000",NA,"82%",18,23,21,NA,23,NA, 12, 21,NA,NA,NA,NA,NA,13,NA,131,700,18.71,"F","Fail","Unpaid",NA,NA,NA,"ayesha.mughal35",NA,"2026-07-16T19:29:03.944Z",NA
"STD816731","ADM870045",26,"Anum","Shah","Female","2016-01-12",10,"Class 4","C","AB+","Islam","Pakistani","Ali Shah",NA,NA,"+923335993987",NA,"House No. 257, Road 3, Gulshan-e-Iqbal","Karachi","Sindh","74200",NA,"65%",60,57,77,NA,49,77,NA,NA,NA,NA,NA,NA,NA,48,NA,368,600,61.33,"B","Pass","Paid",NA,NA,NA,"anum.shah40",NA,"2026-07-16T19:29:03.941Z",NA
"STD194228","ADM170061",22,"Abdullah","Ali","Male","2019-12-06", 7,"Class 1","C","A+","Hinduism","Pakistani","Talha Ali",NA,NA,"+923331217343",NA,"House No. 65, Lane 1, Model Town","Lahore","Punjab","54000",NA,"66%",95,96,99,93,NA,NA,NA,NA,NA,NA,NA,NA,NA,NA,91,474,500,94.80,"A+","Pass","Paid",NA,NA,NA,"abdullah.ali66",NA,"2026-07-16T19:29:03.939Z",NA
"STD022601","ADM876248",25,"Ayesha","Siddiqui","Female","2012-08-23",14,"Class 8","C","O-","Islam","Pakistani","Zain Siddiqui",NA,NA,"+923451292892",NA,"House No. 180, Lane 8, North Nazimabad","Karachi","Sindh","74200",NA,"84%",54,79,52,NA,64,NA, 67, 79,NA,NA,NA,NA,NA,63,NA,458,700,65.43,"B","Pass","Paid",NA,NA,NA,"ayesha.siddiqui59",NA,"2026-07-16T19:29:03.944Z",NA
"STD661913","ADM974680",19,"Zainab","Ahmed","Female","2013-08-24",13,"Class 7","B","AB+","Hinduism","Pakistani","Saad Ahmed",NA,NA,"+923335578745",NA,"House No. 282, Road 10, Sector F-10","Islamabad","Islamabad Capital Territory","44000",NA,"68%",79,70,71,NA,46,NA, 64, 48,NA,NA,NA,NA,NA,NA,73,451,700,64.43,"B","Pass","Paid",NA,NA,NA,"zainab.ahmed75",NA,"2026-07-16T19:29:03.942Z",NA
"STD837794","ADM929603", 7,"Omar","Sheikh","Male","2012-09-20",14,"Class 9","A","B+","Christianity","Pakistani","Bilal Sheikh",NA,NA,"+923212956613",NA,"House No. 431, Street 9, Defense (DHA)","Karachi","Sindh","74200",NA,"92%",65,48,63,NA,NA,NA,NA,NA,75,51,NA,NA,NA,NA,77,379,600,63.17,"B","Pass","Paid",NA,NA,NA,"omar.sheikh13",NA,"2026-07-16T19:29:03.945Z",NA
"STD890206","ADM092293",10,"Hira","Abbasi","Female","2016-05-16",10,"Class 4","A","B-","Hinduism","Pakistani","Arsalan Abbasi",NA,NA,"+923019843245",NA,"House No. 111, Street 1, DHA Phase 5","Lahore","Punjab","54000",NA,"93%",84,100,95,NA,91,88,NA,NA,NA,NA,NA,NA,NA,NA,96,554,600,92.33,"A+","Pass","Paid",NA,NA,NA,"hira.abbasi88",NA,"2026-07-16T19:29:03.941Z",NA
"STD695897","ADM123764", 1,"Saad","Siddiqui","Male","2013-04-05",13,"Class 8","A","AB-","Islam","Pakistani","Haris Siddiqui",NA,NA,"+923121916766",NA,"House No. 165, Avenue 4, Sector I-8","Islamabad","Islamabad Capital Territory","44000",NA,"68%",84,97,90,NA,83,NA, 94, 97,NA,NA,NA,NA,NA,100,NA,645,700,92.14,"A+","Pass","Paid",NA,NA,NA,"saad.siddiqui94",NA,"2026-07-16T19:29:03.944Z",NA
"STD327034","ADM652639",18,"Zain","Shah","Male","2018-11-19", 8,"Class 3","B","AB-","Hinduism","Pakistani","Fahad Shah",NA,NA,"+923004793676",NA,"House No. 127, Avenue 8, Clifton","Karachi","Sindh","74200",NA,"97%",60,49,57,74,NA,NA,NA,NA,NA,NA,NA,NA,NA,NA,50,290,500,58.00,"C","Pass","Unpaid",NA,NA,NA,"zain.shah67",NA,"2026-07-16T19:29:03.940Z",NA
"STD057756","ADM275324",12,"Fatima","Chaudhry","Female","2018-08-18", 8,"Class 3","B","B-","Islam","Pakistani","Usman Chaudhry",NA,NA,"+923126735763",NA,"House No. 81, Avenue 3, North Nazimabad","Karachi","Sindh","74200",NA,"65%",55,57,53,73,NA,NA,NA,NA,NA,NA,NA,NA,NA,46,NA,284,500,56.80,"C","Pass","Unpaid",NA,NA,NA,"fatima.chaudhry13",NA,"2026-07-16T19:29:03.940Z",NA
"STD992278","ADM770800",30,"Iqra","Siddiqui","Female","2018-04-09", 8,"Class 2","C","O+","Christianity","Pakistani","Muhammad Siddiqui",NA,NA,"+923211012288",NA,"House No. 212, Street 12, Sector I-8","Islamabad","Islamabad Capital Territory","44000",NA,"69%",46,37,37,41,NA,NA,NA,NA,NA,NA,NA,NA,NA,NA,43,204,500,40.80,"D","Pass","Paid",NA,NA,NA,"iqra.siddiqui51",NA,"2026-07-16T19:29:03.940Z",NA
"STD264719","ADM516021",18,"Bilal","Mughal","Male","2016-02-16",10,"Class 5","B","B-","Islam","Pakistani","Bilal Mughal",NA,NA,"+923023631438",NA,"House No. 224, Avenue 11, Satellite Town","Rawalpindi","Punjab","46000",NA,"81%",71,70,71,NA,71,48,NA,NA,NA,NA,NA,NA,NA,60,NA,391,600,65.17,"B","Pass","Unpaid",NA,NA,NA,"bilal.mughal87",NA,"2026-07-16T19:29:03.941Z",NA
"STD902248","ADM287006",18,"Mahnoor","Qureshi","Female","2012-10-09",14,"Class 9","B","B-","Islam","Pakistani","Haris Qureshi",NA,NA,"+923334415619",NA,"House No. 61, Road 7, Gulshan-e-Iqbal","Karachi","Sindh","74200",NA,"75%",86,98,97,NA,NA,NA,NA,NA,98,92,NA,NA,NA,89,NA,560,600,93.33,"A+","Pass","Paid",NA,NA,NA,"mahnoor.qureshi94",NA,"2026-07-16T19:29:03.945Z",NA
"STD385351","ADM490375",11,"Saad","Mughal","Male","2016-04-26",10,"Class 4","B","AB+","Christianity","Pakistani","Saad Mughal",NA,NA,"+923003801842",NA,"House No. 359, Lane 8, Sector F-10","Islamabad","Islamabad Capital Territory","44000",NA,"78%",62,57,53,NA,65,71,NA,NA,NA,NA,NA,NA,NA,NA,77,385,600,64.17,"B","Pass","Paid",NA,NA,NA,"saad.mughal17",NA,"2026-07-16T19:29:03.941Z",NA
"STD809540","ADM395216",28,"Usman","Shah","Male","2013-11-14",13,"Class 7","C","B+","Islam","Pakistani","Usman Shah",NA,NA,"+923028305477",NA,"House No. 198, Lane 8, DHA Phase 5","Lahore","Punjab","54000",NA,"74%",95,93,81,NA,96,NA, 88, 85,NA,NA,NA,NA,NA,88,NA,626,700,89.43,"A+","Pass","Paid",NA,NA,NA,"usman.shah16",NA,"2026-07-16T19:29:03.944Z",NA
"STD328435","ADM163428",22,"Mariam","Siddiqui","Female","2012-10-12",14,"Class 8","C","A-","Islam","Pakistani","Fahad Siddiqui",NA,NA,"+923126086279",NA,"House No. 199, Road 8, Sector I-8","Islamabad","Islamabad Capital Territory","44000",NA,"66%",49,68,62,NA,59,NA, 79, 57,NA,NA,NA,NA,NA,62,NA,436,700,62.29,"B","Pass","Unpaid",NA,NA,NA,"mariam.siddiqui54",NA,"2026-07-16T19:29:03.944Z",NA
"STD431321","ADM597132",26,"Sara","Sheikh","Female","2013-07-25",13,"Class 8","C","AB-","Christianity","Pakistani","Zain Sheikh",NA,NA,"+923334927628",NA,"House No. 485, Street 2, Chaklala Scheme III","Rawalpindi","Punjab","46000",NA,"73%",46,33,45,NA,38,NA, 48, 34,NA,NA,NA,NA,NA,NA,32,276,700,39.43,"F","Fail","Paid",NA,NA,NA,"sara.sheikh88",NA,"2026-07-16T19:29:03.944Z",NA
"STD467651","ADM710970",23,"Hira","Ahmed","Female","2019-08-03", 7,"Class 1","C","AB-","Hinduism","Pakistani","Ahmed Ahmed",NA,NA,"+923126076965",NA,"House No. 229, Avenue 3, PECHS","Karachi","Sindh","74200",NA,"75%",31,33,48,41,NA,NA,NA,NA,NA,NA,NA,NA,NA,NA,48,201,500,40.20,"F","Fail","Paid",NA,NA,NA,"hira.ahmed29",NA,"2026-07-16T19:29:03.939Z",NA
"STD540080","ADM282809",16,"Talha","Chaudhry","Male","2016-06-15",10,"Class 4","B","O-","Christianity","Pakistani","Arsalan Chaudhry",NA,NA,"+923126178330",NA,"House No. 325, Lane 5, PECHS","Karachi","Sindh","74200",NA,"72%",52,65,51,NA,48,62,NA,NA,NA,NA,NA,NA,NA,NA,64,342,600,57.00,"C","Pass","Paid",NA,NA,NA,"talha.chaudhry77",NA,"2026-07-16T19:29:03.941Z",NA
"STD108037","ADM350322", 3,"Fahad","Butt","Male","2010-12-16",16,"Class 10","A","A-","Christianity","Pakistani","Saad Butt",NA,NA,"+923457352247",NA,"House No. 278, Lane 9, Bani Gala","Islamabad","Islamabad Capital Territory","44000",NA,"75%",55,58,75,NA,NA,NA,NA,NA,45,58,NA,NA,63,NA,68,422,700,60.29,"B","Pass","Paid",NA,NA,NA,"fahad.butt62",NA,"2026-07-16T19:29:03.945Z",NA
"STD943331","ADM371875", 1,"Haris","Abbasi","Male","2015-01-07",11,"Class 5","A","O+","Islam","Pakistani","Haris Abbasi",NA,NA,"+923006053841",NA,"House No. 388, Road 8, Johar Town","Lahore","Punjab","54000",NA,"81%",70,63,53,NA,69,66,NA,NA,NA,NA,NA,NA,NA,57,NA,378,600,63.00,"B","Pass","Paid",NA,NA,NA,"haris.abbasi28",NA,"2026-07-16T19:29:03.941Z",NA
"STD133436","ADM997941", 9,"Sidra","Sheikh","Female","2013-10-24",13,"Class 7","A","B-","Christianity","Pakistani","Ali Sheikh",NA,NA,"+923458234995",NA,"House No. 477, Avenue 13, Samanabad","Lahore","Punjab","54000",NA,"85%",53,72,59,NA,55,NA, 73, 53,NA,NA,NA,NA,NA,NA,53,418,700,59.71,"C","Pass","Paid",NA,NA,NA,"sidra.sheikh89",NA,"2026-07-16T19:29:03.942Z",NA
"STD541575","ADM512689",29,"Sara","Butt","Female","2015-01-26",11,"Class 6","C","AB+","Islam","Pakistani","Talha Butt",NA,NA,"+923459750248",NA,"House No. 125, Street 2, Bahria Town","Rawalpindi","Punjab","46000",NA,"82%",55,48,60,NA,70,NA, 67, 70,NA,NA,NA,NA,NA,66,NA,436,700,62.29,"B","Pass","Paid",NA,NA,NA,"sara.butt65",NA,"2026-07-16T19:29:03.942Z",NA
"STD887954","ADM951083", 4,"Ali","Chaudhry","Male","2017-12-14", 9,"Class 3","A","AB+","Christianity","Pakistani","Muhammad Chaudhry",NA,NA,"+923331800718",NA,"House No. 117, Lane 2, Clifton","Karachi","Sindh","74200",NA,"72%",91,85,93,81,NA,NA,NA,NA,NA,NA,NA,NA,NA,NA,84,434,500,86.80,"A+","Pass","Paid",NA,NA,NA,"ali.chaudhry47",NA,"2026-07-16T19:29:03.940Z",NA
"STD108324","ADM212019",26,"Usman","Butt","Male","2018-08-09", 8,"Class 3","C","AB+","Islam","Pakistani","Arsalan Butt",NA,NA,"+923452791294",NA,"House No. 177, Avenue 6, Sector F-10","Islamabad","Islamabad Capital Territory","44000",NA,"88%",43,37,43,38,NA,NA,NA,NA,NA,NA,NA,NA,NA,48,NA,209,500,41.80,"D","Pass","Paid",NA,NA,NA,"usman.butt44",NA,"2026-07-16T19:29:03.940Z",NA
"STD140268","ADM025158",10,"Arsalan","Khan","Male","2018-03-01", 8,"Class 3","A","AB-","Islam","Pakistani","Talha Khan",NA,NA,"+923337343993",NA,"House No. 495, Road 5, Bani Gala","Islamabad","Islamabad Capital Territory","44000",NA,"84%",46,65,47,52,NA,NA,NA,NA,NA,NA,NA,NA,NA,65,NA,275,500,55.00,"C","Pass","Paid",NA,NA,NA,"arsalan.khan36",NA,"2026-07-16T19:29:03.940Z",NA
"STD653384","ADM206447",19,"Zainab","Ahmed","Female","2018-07-03", 8,"Class 3","B","O+","Hinduism","Pakistani","Omar Ahmed",NA,NA,"+923006264428",NA,"House No. 408, Street 3, Satellite Town","Rawalpindi","Punjab","46000",NA,"95%",97,89,97,90,NA,NA,NA,NA,NA,NA,NA,NA,NA,NA,99,472,500,94.40,"A+","Pass","Paid",NA,NA,NA,"zainab.ahmed76",NA,"2026-07-16T19:29:03.940Z",NA
"STD951867","ADM618431", 6,"Khadija","Siddiqui","Female","2016-01-07",10,"Class 4","A","A+","Islam","Pakistani","Hamza Siddiqui",NA,NA,"+923456813495",NA,"House No. 44, Avenue 3, Defense (DHA)","Karachi","Sindh","74200",NA,"95%",84,86,98,NA,95,82,NA,NA,NA,NA,NA,NA,NA,92,NA,537,600,89.50,"A+","Pass","Paid",NA,NA,NA,"khadija.siddiqui81",NA,"2026-07-16T19:29:03.941Z",NA
"STD151497","ADM331254",30,"Sana","Mughal","Female","2012-07-22",14,"Class 8","C","O-","Hinduism","Pakistani","Haris Mughal",NA,NA,"+923029537172",NA,"House No. 133, Road 11, Johar Town","Lahore","Punjab","54000",NA,"78%",74,69,60,NA,69,NA, 63, 51,NA,NA,NA,NA,NA,NA,57,443,700,63.29,"B","Pass","Paid",NA,NA,NA,"sana.mughal54",NA,"2026-07-16T19:29:03.945Z",NA
"STD676945","ADM153373",25,"Ayesha","Ali","Female","2015-11-10",11,"Class 5","C","AB+","Islam","Pakistani","Muhammad Ali",NA,NA,"+923013751147",NA,"House No. 435, Avenue 14, Johar Town","Lahore","Punjab","54000",NA,"70%",55,52,70,NA,60,66,NA,NA,NA,NA,NA,NA,NA,66,NA,369,600,61.50,"B","Pass","Paid",NA,NA,NA,"ayesha.ali89",NA,"2026-07-16T19:29:03.941Z",NA
"STD166996","ADM125333",23,"Mustafa","Butt","Male","2013-08-03",13,"Class 8","C","B-","Islam","Pakistani","Ali Butt",NA,NA,"+923022303892",NA,"House No. 148, Street 5, Gulshan-e-Iqbal","Karachi","Sindh","74200",NA,"97%",88,87,94,NA,98,NA, 91, 92,NA,NA,NA,NA,NA,97,NA,647,700,92.43,"A+","Pass","Paid",NA,NA,NA,"mustafa.butt44",NA,"2026-07-16T19:29:03.944Z",NA
"STD943802","ADM199723",30,"Ali","Malik","Male","2017-05-08", 9,"Class 3","C","B+","Hinduism","Pakistani","Hamza Malik",NA,NA,"+923006659961",NA,"House No. 449, Avenue 13, DHA Phase 5","Lahore","Punjab","54000",NA,"86%",40,38,39,35,NA,NA,NA,NA,NA,NA,NA,NA,NA,NA,36,188,500,37.60,"D","Pass","Paid",NA,NA,NA,"ali.malik10",NA,"2026-07-16T19:29:03.941Z",NA
"STD449003","ADM938543", 5,"Laiba","Butt","Female","2010-02-12",16,"Class 10","A","B+","Islam","Pakistani","Talha Butt",NA,NA,"+923338889835",NA,"House No. 387, Avenue 5, DHA Phase 5","Lahore","Punjab","54000",NA,"71%",56,46,71,NA,NA,NA,NA,NA,51,47,NA,NA,62,75,NA,408,700,58.29,"C","Pass","Paid",NA,NA,NA,"laiba.butt57",NA,"2026-07-16T19:29:03.945Z",NA
"STD124643","ADM009237", 2,"Usman","Ahmed","Male","2017-10-21", 9,"Class 3","A","AB-","Islam","Pakistani","Haris Ahmed",NA,NA,"+923008372843",NA,"House No. 348, Lane 12, Defense (DHA)","Karachi","Sindh","74200",NA,"94%",100,89,92,89,NA,NA,NA,NA,NA,NA,NA,NA,NA,83,NA,453,500,90.60,"A+","Pass","Paid",NA,NA,NA,"usman.ahmed90",NA,"2026-07-16T19:29:03.940Z",NA
"STD058741","ADM204219",29,"Zainab","Mughal","Female","2011-11-17",15,"Class 9","C","O-","Islam","Pakistani","Hamza Mughal",NA,NA,"+923214851787",NA,"House No. 428, Street 2, Sector F-10","Islamabad","Islamabad Capital Territory","44000",NA,"73%",84,85,89,NA,NA,NA,NA,NA,91,95,NA,NA,NA,87,NA,531,600,88.50,"A+","Pass","Unpaid",NA,NA,NA,"zainab.mughal68",NA,"2026-07-16T19:29:03.945Z",NA
"STD874336","ADM658404",11,"Zainab","Qureshi","Female","2014-11-08",12,"Class 6","B","B-","Islam","Pakistani","Mustafa Qureshi",NA,NA,"+923011235840",NA,"House No. 49, Road 2, Bahria Town","Rawalpindi","Punjab","46000",NA,"79%",99,92,85,NA,96,NA,100, 84,NA,NA,NA,NA,NA,95,NA,651,700,93.00,"A+","Pass","Paid",NA,NA,NA,"zainab.qureshi82",NA,"2026-07-16T19:29:03.942Z",NA
"STD311252","ADM239465",22,"Bilal","Ahmed","Male","2014-01-07",12,"Class 7","C","B+","Islam","Pakistani","Ahmed Ahmed",NA,NA,"+923219830352",NA,"House No. 115, Lane 14, Sector F-10","Islamabad","Islamabad Capital Territory","44000",NA,"71%",58,63,66,NA,66,NA, 69, 51,NA,NA,NA,NA,NA,70,NA,443,700,63.29,"B","Pass","Paid",NA,NA,NA,"bilal.ahmed74",NA,"2026-07-16T19:29:03.944Z",NA
"STD980247","ADM813567",14,"Laiba","Qureshi","Female","2015-10-04",11,"Class 6","B","O+","Islam","Pakistani","Ali Qureshi",NA,NA,"+923339345366",NA,"House No. 32, Street 7, Bani Gala","Islamabad","Islamabad Capital Territory","44000",NA,"98%",84,94,91,NA,100,NA, 92, 91,NA,NA,NA,NA,NA,85,NA,637,700,91.00,"A+","Pass","Paid",NA,NA,NA,"laiba.qureshi39",NA,"2026-07-16T19:29:03.942Z",NA
"STD204936","ADM922975", 8,"Mustafa","Malik","Male","2014-12-25",12,"Class 7","A","B+","Islam","Pakistani","Abdullah Malik",NA,NA,"+923333893898",NA,"House No. 315, Street 2, Model Town","Lahore","Punjab","54000",NA,"90%",49,61,78,NA,71,NA, 64, 58,NA,NA,NA,NA,NA,72,NA,453,700,64.71,"B","Pass","Paid",NA,NA,NA,"mustafa.malik19",NA,"2026-07-16T19:29:03.942Z",NA
"STD353239","ADM762858",12,"Laiba","Shah","Female","2016-12-12",10,"Class 5","B","A-","Islam","Pakistani","Mustafa Shah",NA,NA,"+923026953431",NA,"House No. 310, Avenue 14, Model Town","Lahore","Punjab","54000",NA,"93%",83,86,84,NA,98,90,NA,NA,NA,NA,NA,NA,NA,100,NA,541,600,90.17,"A+","Pass","Paid",NA,NA,NA,"laiba.shah85",NA,"2026-07-16T19:29:03.941Z",NA
"STD311558","ADM757853",19,"Ali","Chaudhry","Male","2012-11-21",14,"Class 8","B","B-","Islam","Pakistani","Usman Chaudhry",NA,NA,"+923022406110",NA,"House No. 349, Avenue 2, Clifton","Karachi","Sindh","74200",NA,"95%",69,78,60,NA,46,NA, 47, 54,NA,NA,NA,NA,NA,47,NA,401,700,57.29,"C","Pass","Paid",NA,NA,NA,"ali.chaudhry63",NA,"2026-07-16T19:29:03.944Z",NA
"STD038362","ADM516410", 1,"Khadija","Sheikh","Female","2014-06-17",12,"Class 7","A","B+","Islam","Pakistani","Mustafa Sheikh",NA,NA,"+923332173527",NA,"House No. 96, Avenue 3, Chaklala Scheme III","Rawalpindi","Punjab","46000",NA,"90%",59,78,73,NA,72,NA, 60, 75,NA,NA,NA,NA,NA,73,NA,490,700,70.00,"A","Pass","Unpaid",NA,NA,NA,"khadija.sheikh39",NA,"2026-07-16T19:29:03.942Z",NA
"STD033268","ADM403775",26,"Mariam","Shah","Female","2014-07-09",12,"Class 6","C","O+","Islam","Pakistani","Hamza Shah",NA,NA,"+923001078688",NA,"House No. 187, Road 1, Clifton","Karachi","Sindh","74200",NA,"88%",75,49,74,NA,78,NA, 50, 73,NA,NA,NA,NA,NA,76,NA,475,700,67.86,"B","Pass","Paid",NA,NA,NA,"mariam.shah10",NA,"2026-07-16T19:29:03.942Z",NA
"STD856590","ADM503428",17,"Saad","Siddiqui","Male","2016-10-18",10,"Class 5","B","O-","Islam","Pakistani","Omar Siddiqui",NA,NA,"+923338220098",NA,"House No. 203, Avenue 7, DHA Phase 5","Lahore","Punjab","54000",NA,"75%",56,67,52,NA,65,74,NA,NA,NA,NA,NA,NA,NA,69,NA,383,600,63.83,"B","Pass","Paid",NA,NA,NA,"saad.siddiqui16",NA,"2026-07-16T19:29:03.941Z",NA
"STD703583","ADM502857",25,"Ahmed","Abbasi","Male","2019-10-21", 7,"Class 1","C","AB+","Islam","Pakistani","Mustafa Abbasi",NA,NA,"+923022165838",NA,"House No. 401, Street 2, Bahria Town","Rawalpindi","Punjab","46000",NA,"20%",A,A,A,A,NA,NA,NA,NA,NA,NA,NA,NA,NA,A,NA,  0,500, 0.00,"N/A","Absent","Paid",NA,NA,NA,"ahmed.abbasi15",NA,"2026-07-16T19:29:03.939Z",NA
"STD056610","ADM485322",14,"Anum","Siddiqui","Female","2019-05-06", 7,"Class 2","B","B+","Islam","Pakistani","Zain Siddiqui",NA,NA,"+923015397564",NA,"House No. 321, Street 15, Saddar","Rawalpindi","Punjab","46000",NA,"79%",76,47,68,73,NA,NA,NA,NA,NA,NA,NA,NA,NA,55,NA,319,500,63.80,"B","Pass","Paid",NA,NA,NA,"anum.siddiqui62",NA,"2026-07-16T19:29:03.940Z",NA
"STD327034","ADM652639",18,"Zain","Shah","Male","2018-11-19", 8,"Class 3","B","AB-","Hinduism","Pakistani","Fahad Shah",NA,NA,"+923004793676",NA,"House No. 127, Avenue 8, Clifton","Karachi","Sindh","74200",NA,"97%",60,49,57,74,NA,NA,NA,NA,NA,NA,NA,NA,NA,NA,50,290,500,58.00,"C","Pass","Unpaid",NA,NA,NA,"zain.shah67",NA,"2026-07-16T19:29:03.940Z",NA
"STD634594","ADM739396",11,"Zainab","Khan","Female","2015-03-17",11,"Class 5","B","A-","Hinduism","Pakistani","Fahad Khan",NA,NA,"+923022069132",NA,"House No. 147, Avenue 14, Samanabad","Lahore","Punjab","54000",NA,"89%",51,79,66,NA,76,70,NA,NA,NA,NA,NA,NA,NA,NA,67,409,600,68.17,"B","Pass","Unpaid",NA,NA,NA,"zainab.khan97",NA,"2026-07-16T19:29:03.941Z",NA
"STD611444","ADM985556",26,"Laiba","Sheikh","Female","2010-04-23",16,"Class 10","C","A-","Hinduism","Pakistani","Bilal Sheikh",NA,NA,"+923129350703",NA,"House No. 495, Avenue 7, PECHS","Karachi","Sindh","74200",NA,"13%",A,A,A,NA,NA,NA,NA,NA,A,A,NA,NA,A,NA,A,  0,700, 0.00,"N/A","Absent","Paid",NA,NA,NA,"laiba.sheikh52",NA,"2026-07-16T19:29:03.945Z",NA
"STD182987","ADM290524",16,"Ayesha","Mughal","Female","2010-03-05",16,"Class 10","B","O-","Christianity","Pakistani","Arsalan Mughal",NA,NA,"+923211989157",NA,"House No. 121, Lane 9, Bani Gala","Islamabad","Islamabad Capital Territory","44000",NA,"98%",76,57,58,NA,NA,NA,NA,NA,70,47,NA,NA,58,NA,74,440,700,62.86,"B","Pass","Paid",NA,NA,NA,"ayesha.mughal34",NA,"2026-07-16T19:29:03.945Z",NA
"STD689393","ADM403740",24,"Mahnoor","Siddiqui","Female","2010-03-12",16,"Class 10","C","AB+","Christianity","Pakistani","Muhammad Siddiqui",NA,NA,"+923333271233",NA,"House No. 133, Street 11, North Nazimabad","Karachi","Sindh","74200",NA,"68%",76,55,67,NA,NA,NA,NA,NA,49,56,NA,NA,77,NA,49,429,700,61.29,"B","Pass","Paid",NA,NA,NA,"mahnoor.siddiqui53",NA,"2026-07-16T19:29:03.945Z",NA
"STD406958","ADM167006",25,"Amna","Sheikh","Female","2017-04-07", 9,"Class 4","C","O+","Islam","Pakistani","Fahad Sheikh",NA,NA,"+923026160284",NA,"House No. 213, Street 1, Sector G-11","Islamabad","Islamabad Capital Territory","44000",NA,"98%",86,100,87,NA,85,98,NA,NA,NA,NA,NA,NA,NA,94,NA,550,600,91.67,"A+","Pass","Paid",NA,NA,NA,"amna.sheikh16",NA,"2026-07-16T19:29:03.941Z",NA
"STD711760","ADM201943",12,"Laiba","Sheikh","Female","2013-06-08",13,"Class 8","B","AB-","Islam","Pakistani","Omar Sheikh",NA,NA,"+923331822313",NA,"House No. 267, Avenue 12, DHA Phase 5","Lahore","Punjab","54000",NA,"86%",78,71,58,NA,54,NA, 53, 72,NA,NA,NA,NA,NA,63,NA,449,700,64.14,"B","Pass","Paid",NA,NA,NA,"laiba.sheikh74",NA,"2026-07-16T19:29:03.944Z",NA
"STD611188","ADM178919",17,"Zainab","Malik","Female","2017-12-17", 9,"Class 3","B","AB+","Hinduism","Pakistani","Omar Malik",NA,NA,"+923121254240",NA,"House No. 364, Road 14, Bani Gala","Islamabad","Islamabad Capital Territory","44000",NA,"88%",90,88,92,86,NA,NA,NA,NA,NA,NA,NA,NA,NA,NA,92,448,500,89.60,"A+","Pass","Unpaid",NA,NA,NA,"zainab.malik99",NA,"2026-07-16T19:29:03.940Z",NA
"STD078976","ADM352129",19,"Sana","Mughal","Female","2010-03-28",16,"Class 10","B","B+","Christianity","Pakistani","Saad Mughal",NA,NA,"+923004636269",NA,"House No. 51, Street 4, Johar Town","Lahore","Punjab","54000",NA,"69%",93,92,99,NA,NA,NA,NA,NA,90,80,NA,NA,90,NA,87,631,700,90.14,"A+","Pass","Unpaid",NA,NA,NA,"sana.mughal64",NA,"2026-07-16T19:29:03.945Z",NA
"STD025323","ADM387299", 8,"Bilal","Abbasi","Male","2020-11-01", 6,"Class 1","A","A-","Hinduism","Pakistani","Arsalan Abbasi",NA,NA,"+923331484296",NA,"House No. 80, Road 4, Sector G-11","Islamabad","Islamabad Capital Territory","44000",NA,"72%",79,50,54,71,NA,NA,NA,NA,NA,NA,NA,NA,NA,NA,63,317,500,63.40,"B","Pass","Paid",NA,NA,NA,"bilal.abbasi89",NA,"2026-07-16T19:29:03.939Z",NA
"STD292412","ADM384685",29,"Mustafa","Ahmed","Male","2011-03-16",15,"Class 10","C","B+","Islam","Pakistani","Bilal Ahmed",NA,NA,"+923008835736",NA,"House No. 371, Lane 14, North Nazimabad","Karachi","Sindh","74200",NA,"94%",24,29,18,NA,NA,NA,NA,NA,26,16,NA,NA,22,26,NA,161,700,23.00,"F","Fail","Paid",NA,NA,NA,"mustafa.ahmed51",NA,"2026-07-16T19:29:03.945Z",NA
"STD631452","ADM391945",12,"Zain","Khan","Male","2017-01-04", 9,"Class 4","B","O+","Islam","Pakistani","Muhammad Khan",NA,NA,"+923334078694",NA,"House No. 452, Road 9, North Nazimabad","Karachi","Sindh","74200",NA,"90%",67,58,50,NA,46,70,NA,NA,NA,NA,NA,NA,NA,58,NA,349,600,58.17,"C","Pass","Paid",NA,NA,NA,"zain.khan88",NA,"2026-07-16T19:29:03.941Z",NA
"STD920040","ADM047813", 9,"Zainab","Mughal","Female","2016-02-06",10,"Class 4","A","O+","Islam","Pakistani","Fahad Mughal",NA,NA,"+923013887617",NA,"House No. 254, Lane 14, Sector F-10","Islamabad","Islamabad Capital Territory","44000",NA,"65%",51,64,63,NA,55,64,NA,NA,NA,NA,NA,NA,NA,78,NA,375,600,62.50,"B","Pass","Paid",NA,NA,NA,"zainab.mughal64",NA,"2026-07-16T19:29:03.941Z",NA
"STD585904","ADM514171",29,"Hira","Chaudhry","Female","2019-01-08", 7,"Class 1","C","B+","Islam","Pakistani","Arsalan Chaudhry",NA,NA,"+923459640277",NA,"House No. 230, Avenue 15, Sector I-8","Islamabad","Islamabad Capital Territory","44000",NA,"96%",45,46,77,62,NA,NA,NA,NA,NA,NA,NA,NA,NA,78,NA,308,500,61.60,"B","Pass","Unpaid",NA,NA,NA,"hira.chaudhry97",NA,"2026-07-16T19:29:03.939Z",NA
"STD151114","ADM338362",21,"Khadija","Shah","Female","2015-10-23",11,"Class 6","C","O+","Islam","Pakistani","Ahmed Shah",NA,NA,"+923331380259",NA,"House No. 480, Road 6, Saddar","Rawalpindi","Punjab","46000",NA,"79%",17,21,19,NA,18,NA, 23, 23,NA,NA,NA,NA,NA,25,NA,146,700,20.86,"F","Fail","Paid",NA,NA,NA,"khadija.shah23",NA,"2026-07-16T19:29:03.942Z",NA
"STD435937","ADM818225",25,"Saba","Khan","Female","2018-05-08", 8,"Class 3","C","AB+","Islam","Pakistani","Usman Khan",NA,NA,"+923217906448",NA,"House No. 440, Road 5, Satellite Town","Rawalpindi","Punjab","46000",NA,"68%",51,64,59,72,NA,NA,NA,NA,NA,NA,NA,NA,NA,48,NA,294,500,58.80,"C","Pass","Paid",NA,NA,NA,"saba.khan41",NA,"2026-07-16T19:29:03.940Z",NA
"STD647115","ADM871631", 4,"Omar","Ali","Male","2018-05-09", 8,"Class 2","A","O+","Islam","Pakistani","Arsalan Ali",NA,NA,"+923459799644",NA,"House No. 161, Road 4, Johar Town","Lahore","Punjab","54000",NA,"81%",72,59,53,60,NA,NA,NA,NA,NA,NA,NA,NA,NA,75,NA,319,500,63.80,"B","Pass","Paid",NA,NA,NA,"omar.ali30",NA,"2026-07-16T19:29:03.939Z",NA
"STD125802","ADM938218",10,"Hamza","Khan","Male","2016-04-24",10,"Class 5","A","B+","Islam","Pakistani","Ahmed Khan",NA,NA,"+923025127973",NA,"House No. 39, Lane 1, PECHS","Karachi","Sindh","74200",NA,"96%",48,76,49,NA,63,59,NA,NA,NA,NA,NA,NA,NA,60,NA,355,600,59.17,"C","Pass","Paid",NA,NA,NA,"hamza.khan89",NA,"2026-07-16T19:29:03.941Z",NA
"STD611759","ADM882758", 3,"Saba","Siddiqui","Female","2015-09-24",11,"Class 5","A","A+","Islam","Pakistani","Abdullah Siddiqui",NA,NA,"+923219577610",NA,"House No. 409, Avenue 4, Sector G-11","Islamabad","Islamabad Capital Territory","44000",NA,"87%",66,67,48,NA,61,65,NA,NA,NA,NA,NA,NA,NA,52,NA,359,600,59.83,"C","Pass","Paid",NA,NA,NA,"saba.siddiqui51",NA,"2026-07-16T19:29:03.941Z",NA
"STD781461","ADM522425",28,"Iqra","Mughal","Female","2015-04-14",11,"Class 5","C","O-","Islam","Pakistani","Haris Mughal",NA,NA,"+923015827597",NA,"House No. 74, Road 15, Chaklala Scheme III","Rawalpindi","Punjab","46000",NA,"74%",87,87,98,NA,80,80,NA,NA,NA,NA,NA,NA,NA,83,NA,515,600,85.83,"A+","Pass","Paid",NA,NA,NA,"iqra.mughal42",NA,"2026-07-16T19:29:03.942Z",NA
"STD513853","ADM869028",30,"Abdullah","Khan","Male","2016-06-02",10,"Class 5","C","AB-","Islam","Pakistani","Usman Khan",NA,NA,"+923008143891",NA,"House No. 352, Lane 4, Gulshan-e-Iqbal","Karachi","Sindh","74200",NA,"69%",32,23,30,NA,14,12,NA,NA,NA,NA,NA,NA,NA,17,NA,128,600,21.33,"F","Fail","Paid",NA,NA,NA,"abdullah.khan12",NA,"2026-07-16T19:29:03.942Z",NA
"STD738399","ADM701165",10,"Fahad","Abbasi","Male","2019-01-03", 7,"Class 1","A","AB+","Islam","Pakistani","Abdullah Abbasi",NA,NA,"+923016619847",NA,"House No. 36, Avenue 11, Sector F-10","Islamabad","Islamabad Capital Territory","44000",NA,"88%",56,50,67,47,NA,NA,NA,NA,NA,NA,NA,NA,NA,56,NA,276,500,55.20,"C","Pass","Paid",NA,NA,NA,"fahad.abbasi94",NA,"2026-07-16T19:29:03.939Z",NA
"STD245091","ADM256979",15,"Saba","Abbasi","Female","2016-07-11",10,"Class 5","B","AB+","Christianity","Pakistani","Usman Abbasi",NA,NA,"+923338902443",NA,"House No. 314, Lane 6, Bahria Town","Rawalpindi","Punjab","46000",NA,"83%",52,63,77,NA,57,56,NA,NA,NA,NA,NA,NA,NA,NA,48,353,600,58.83,"C","Pass","Paid",NA,NA,NA,"saba.abbasi35",NA,"2026-07-16T19:29:03.941Z",NA
"STD381710","ADM462013", 4,"Iqra","Khan","Female","2015-07-06",11,"Class 5","A","AB+","Christianity","Pakistani","Hamza Khan",NA,NA,"+923019326344",NA,"House No. 396, Road 7, Gulberg","Lahore","Punjab","54000",NA,"98%",32,41,48,NA,37,38,NA,NA,NA,NA,NA,NA,NA,NA,33,229,600,38.17,"F","Fail","Paid",NA,NA,NA,"iqra.khan47",NA,"2026-07-16T19:29:03.941Z",NA
"STD499461","ADM048727",15,"Iqra","Qureshi","Female","2014-01-24",12,"Class 7","B","B-","Islam","Pakistani","Ahmed Qureshi",NA,NA,"+923027311217",NA,"House No. 143, Street 3, Sector F-10","Islamabad","Islamabad Capital Territory","44000",NA,"100%",85,84,85,NA,87,NA, 87, 95,NA,NA,NA,NA,NA,81,NA,604,700,86.29,"A+","Pass","Paid",NA,NA,NA,"iqra.qureshi11",NA,"2026-07-16T19:29:03.942Z",NA
"STD330716","ADM928204",15,"Laiba","Chaudhry","Female","2020-06-06", 6,"Class 1","B","AB-","Hinduism","Pakistani","Abdullah Chaudhry",NA,NA,"+923001810889",NA,"House No. 387, Street 14, Sector I-8","Islamabad","Islamabad Capital Territory","44000",NA,"84%",54,69,68,49,NA,NA,NA,NA,NA,NA,NA,NA,NA,NA,72,312,500,62.40,"B","Pass","Paid",NA,NA,NA,"laiba.chaudhry13",NA,"2026-07-16T19:29:03.939Z",NA
"STD552840","ADM367044",30,"Abdullah","Chaudhry","Male","2012-08-20",14,"Class 9","C","O+","Christianity","Pakistani","Hamza Chaudhry",NA,NA,"+923003328594",NA,"House No. 87, Avenue 4, Johar Town","Lahore","Punjab","54000",NA,"83%",40,45,34,NA,NA,NA,NA,NA,36,36,NA,NA,NA,NA,42,233,600,38.83,"D","Pass","Paid",NA,NA,NA,"abdullah.chaudhry97",NA,"2026-07-16T19:29:03.945Z",NA
"STD226642","ADM386374",19,"Sidra","Ali","Female","2019-03-07", 7,"Class 2","B","O+","Islam","Pakistani","Ahmed Ali",NA,NA,"+923124419525",NA,"House No. 29, Avenue 15, Bani Gala","Islamabad","Islamabad Capital Territory","44000",NA,"76%",46,72,58,63,NA,NA,NA,NA,NA,NA,NA,NA,NA,68,NA,307,500,61.40,"B","Pass","Paid",NA,NA,NA,"sidra.ali33",NA,"2026-07-16T19:29:03.940Z",NA
"STD822610","ADM324576",21,"Fahad","Sheikh","Male","2010-03-16",16,"Class 10","C","A-","Islam","Pakistani","Hamza Sheikh",NA,NA,"+923452180507",NA,"House No. 221, Road 6, Gulshan-e-Iqbal","Karachi","Sindh","74200",NA,"92%",69,50,72,NA,NA,NA,NA,NA,56,45,NA,NA,73,77,NA,442,700,63.14,"B","Pass","Paid",NA,NA,NA,"fahad.sheikh38",NA,"2026-07-16T19:29:03.945Z",NA
"STD607914","ADM593484",12,"Bilal","Qureshi","Male","2014-11-04",12,"Class 6","B","O+","Islam","Pakistani","Omar Qureshi",NA,NA,"+923007729244",NA,"House No. 38, Lane 6, Satellite Town","Rawalpindi","Punjab","46000",NA,"93%",38,33,48,NA,41,NA, 38, 31,NA,NA,NA,NA,NA,31,NA,260,700,37.14,"F","Fail","Paid",NA,NA,NA,"bilal.qureshi73",NA,"2026-07-16T19:29:03.942Z",NA
"STD902190","ADM719324",28,"Bilal","Butt","Male","2014-11-19",12,"Class 6","C","AB-","Islam","Pakistani","Fahad Butt",NA,NA,"+923024984630",NA,"House No. 98, Street 14, Defense (DHA)","Karachi","Sindh","74200",NA,"73%",82,97,99,NA,85,NA, 84, 89,NA,NA,NA,NA,NA,98,NA,634,700,90.57,"A+","Pass","Paid",NA,NA,NA,"bilal.butt53",NA,"2026-07-16T19:29:03.942Z",NA
"STD869652","ADM112422", 9,"Talha","Mughal","Male","2010-05-02",16,"Class 10","A","A+","Islam","Pakistani","Ahmed Mughal",NA,NA,"+923006145317",NA,"House No. 170, Lane 8, Sector G-11","Islamabad","Islamabad Capital Territory","44000",NA,"90%",49,75,78,NA,NA,NA,NA,NA,73,46,NA,NA,74,77,NA,472,700,67.43,"B","Pass","Paid",NA,NA,NA,"talha.mughal82",NA,"2026-07-16T19:29:03.945Z",NA
"STD347817","ADM719018",20,"Talha","Ahmed","Male","2012-06-27",14,"Class 9","B","B-","Christianity","Pakistani","Abdullah Ahmed",NA,NA,"+923016023773",NA,"House No. 418, Avenue 2, DHA Phase 5","Lahore","Punjab","54000",NA,"69%",73,58,74,NA,NA,NA,NA,NA,62,52,NA,NA,NA,NA,61,380,600,63.33,"B","Pass","Paid",NA,NA,NA,"talha.ahmed40",NA,"2026-07-16T19:29:03.945Z",NA
"STD648667","ADM241163",27,"Zain","Chaudhry","Male","2014-05-11",12,"Class 7","C","AB+","Hinduism","Pakistani","Zain Chaudhry",NA,NA,"+923218259166",NA,"House No. 137, Road 11, Johar Town","Lahore","Punjab","54000",NA,"85%",96,80,89,NA,86,NA, 99,100,NA,NA,NA,NA,NA,NA,91,641,700,91.57,"A+","Pass","Unpaid",NA,NA,NA,"zain.chaudhry58",NA,"2026-07-16T19:29:03.944Z",NA
"STD277694","ADM097006", 4,"Sana","Mughal","Female","2012-12-10",14,"Class 9","A","B-","Islam","Pakistani","Fahad Mughal",NA,NA,"+923127495647",NA,"House No. 272, Avenue 13, Satellite Town","Rawalpindi","Punjab","46000",NA,"82%",76,59,46,NA,NA,NA,NA,NA,58,53,NA,NA,NA,75,NA,367,600,61.17,"B","Pass","Paid",NA,NA,NA,"sana.mughal52",NA,"2026-07-16T19:29:03.945Z",NA
"STD724665","ADM661302", 5,"Mustafa","Siddiqui","Male","2011-03-07",15,"Class 9","A","A-","Islam","Pakistani","Usman Siddiqui",NA,NA,"+923127614481",NA,"House No. 267, Street 8, Chaklala Scheme III","Rawalpindi","Punjab","46000",NA,"96%",55,52,49,NA,NA,NA,NA,NA,48,60,NA,NA,NA,62,NA,326,600,54.33,"C","Pass","Paid",NA,NA,NA,"mustafa.siddiqui66",NA,"2026-07-16T19:29:03.945Z",NA
"STD420154","ADM186484",17,"Saba","Siddiqui","Female","2011-04-21",15,"Class 10","B","A-","Hinduism","Pakistani","Mustafa Siddiqui",NA,NA,"+923331275857",NA,"House No. 356, Lane 5, Sector F-10","Islamabad","Islamabad Capital Territory","44000",NA,"86%",42,48,36,NA,NA,NA,NA,NA,48,30,NA,NA,46,NA,30,280,700,40.00,"F","Fail","Paid",NA,NA,NA,"saba.siddiqui91",NA,"2026-07-16T19:29:03.945Z",NA
"STD348439","ADM459823",13,"Zainab","Shah","Female","2013-03-05",13,"Class 7","B","B-","Islam","Pakistani","Usman Shah",NA,NA,"+923215824206",NA,"House No. 214, Road 11, Gulshan-e-Iqbal","Karachi","Sindh","74200",NA,"100%",61,57,50,NA,71,NA, 74, 46,NA,NA,NA,NA,NA,59,NA,418,700,59.71,"C","Pass","Paid",NA,NA,NA,"zainab.shah66",NA,"2026-07-16T19:29:03.942Z",NA
"STD741006","ADM885641", 2,"Iqra","Ahmed","Female","2012-09-19",14,"Class 9","A","A+","Christianity","Pakistani","Mustafa Ahmed",NA,NA,"+923027654083",NA,"House No. 364, Lane 2, Gulberg","Lahore","Punjab","54000",NA,"74%",62,68,75,NA,NA,NA,NA,NA,69,77,NA,NA,NA,NA,53,404,600,67.33,"B","Pass","Unpaid",NA,NA,NA,"iqra.ahmed23",NA,"2026-07-16T19:29:03.945Z",NA
"STD469967","ADM886268", 1,"Muhammad","Malik","Male","2012-07-22",14,"Class 9","A","AB-","Islam","Pakistani","Ahmed Malik",NA,NA,"+923454858424",NA,"House No. 223, Avenue 12, Gulberg","Lahore","Punjab","54000",NA,"99%",62,47,66,NA,NA,NA,NA,NA,76,53,NA,NA,NA,65,NA,369,600,61.50,"B","Pass","Paid",NA,NA,NA,"muhammad.malik61",NA,"2026-07-16T19:29:03.945Z",NA
"STD886679","ADM558178",26,"Sara","Mughal","Female","2013-09-14",13,"Class 7","C","A+","Islam","Pakistani","Abdullah Mughal",NA,NA,"+923123664193",NA,"House No. 136, Street 5, Clifton","Karachi","Sindh","74200",NA,"85%",44,44,43,NA,39,NA, 47, 35,NA,NA,NA,NA,NA,47,NA,299,700,42.71,"D","Pass","Paid",NA,NA,NA,"sara.mughal87",NA,"2026-07-16T19:29:03.944Z",NA
"STD072721","ADM019640",27,"Sara","Khan","Female","2012-11-25",14,"Class 9","C","A+","Christianity","Pakistani","Ali Khan",NA,NA,"+923332159447",NA,"House No. 218, Street 2, North Nazimabad","Karachi","Sindh","74200",NA,"88%",93,97,87,NA,NA,NA,NA,NA,88,100,NA,NA,NA,NA,90,555,600,92.50,"A+","Pass","Paid",NA,NA,NA,"sara.khan99",NA,"2026-07-16T19:29:03.945Z",NA
"STD573356","ADM519043",10,"Usman","Shah","Male","2012-08-01",14,"Class 8","A","B+","Islam","Pakistani","Talha Shah",NA,NA,"+923004876036",NA,"House No. 483, Road 9, DHA Phase 5","Lahore","Punjab","54000",NA,"96%",77,62,72,NA,67,NA, 47, 64,NA,NA,NA,NA,NA,67,NA,456,700,65.14,"B","Pass","Paid",NA,NA,NA,"usman.shah76",NA,"2026-07-16T19:29:03.944Z",NA
"STD672286","ADM531118",23,"Arsalan","Ahmed","Male","2011-05-26",15,"Class 10","C","O-","Islam","Pakistani","Arsalan Ahmed",NA,NA,"+923014823979",NA,"House No. 72, Road 6, Bahria Town","Rawalpindi","Punjab","46000",NA,"75%",69,55,49,NA,NA,NA,NA,NA,59,48,NA,NA,58,57,NA,395,700,56.43,"C","Pass","Paid",NA,NA,NA,"arsalan.ahmed69",NA,"2026-07-16T19:29:03.945Z",NA
"STD467917","ADM858062", 2,"Muhammad","Ahmed","Male","2010-11-16",16,"Class 10","A","AB-","Islam","Pakistani","Abdullah Ahmed",NA,NA,"+923211527412",NA,"House No. 19, Road 7, Sector G-11","Islamabad","Islamabad Capital Territory","44000",NA,"94%",61,73,55,NA,NA,NA,NA,NA,69,63,NA,NA,67,57,NA,445,700,63.57,"B","Pass","Paid",NA,NA,NA,"muhammad.ahmed91",NA,"2026-07-16T19:29:03.945Z",NA
"STD942084","ADM189778",11,"Talha","Siddiqui","Male","2013-02-14",13,"Class 7","B","B+","Christianity","Pakistani","Omar Siddiqui",NA,NA,"+923015712658",NA,"House No. 232, Road 2, Bani Gala","Islamabad","Islamabad Capital Territory","44000",NA,"93%",74,68,65,NA,56,NA, 49, 60,NA,NA,NA,NA,NA,NA,55,427,700,61.00,"B","Pass","Unpaid",NA,NA,NA,"talha.siddiqui79",NA,"2026-07-16T19:29:03.942Z",NA
"STD676243","ADM188001",23,"Abdullah","Ahmed","Male","2015-05-07",11,"Class 5","C","AB-","Islam","Pakistani","Abdullah Ahmed",NA,NA,"+923009752039",NA,"House No. 208, Lane 9, Chaklala Scheme III","Rawalpindi","Punjab","46000",NA,"76%",37,41,31,NA,38,32,NA,NA,NA,NA,NA,NA,NA,46,NA,225,600,37.50,"F","Fail","Paid",NA,NA,NA,"abdullah.ahmed25",NA,"2026-07-16T19:29:03.941Z",NA
"STD217542","ADM443522",10,"Sidra","Khan","Female","2013-04-01",13,"Class 7","A","O-","Islam","Pakistani","Ali Khan",NA,NA,"+923333479746",NA,"House No. 374, Street 4, Saddar","Rawalpindi","Punjab","46000",NA,"85%",70,60,50,NA,46,NA, 61, 59,NA,NA,NA,NA,NA,57,NA,403,700,57.57,"C","Pass","Paid",NA,NA,NA,"sidra.khan38",NA,"2026-07-16T19:29:03.942Z",NA
"STD407443","ADM092900",28,"Mariam","Ahmed","Female","2011-12-10",15,"Class 9","C","B-","Hinduism","Pakistani","Usman Ahmed",NA,NA,"+923216517256",NA,"House No. 358, Lane 4, Sector F-10","Islamabad","Islamabad Capital Territory","44000",NA,"71%",75,47,68,NA,NA,NA,NA,NA,54,66,NA,NA,NA,NA,48,358,600,59.67,"C","Pass","Paid",NA,NA,NA,"mariam.ahmed93",NA,"2026-07-16T19:29:03.945Z",NA
"STD457408","ADM263412",27,"Saad","Butt","Male","2015-02-09",11,"Class 6","C","B-","Islam","Pakistani","Arsalan Butt",NA,NA,"+923025512152",NA,"House No. 401, Avenue 5, Satellite Town","Rawalpindi","Punjab","46000",NA,"87%",71,66,46,NA,73,NA, 52, 65,NA,NA,NA,NA,NA,56,NA,429,700,61.29,"B","Pass","Paid",NA,NA,NA,"saad.butt19",NA,"2026-07-16T19:29:03.942Z",NA
"STD030055","ADM077631",15,"Ali","Ali","Male","2015-06-24",11,"Class 6","B","AB-","Christianity","Pakistani","Bilal Ali",NA,NA,"+923017198265",NA,"House No. 18, Lane 3, Defense (DHA)","Karachi","Sindh","74200",NA,"88%",83,90,99,NA,83,NA, 88, 86,NA,NA,NA,NA,NA,NA,90,619,700,88.43,"A+","Pass","Paid",NA,NA,NA,"ali.ali25",NA,"2026-07-16T19:29:03.942Z",NA
"STD528958","ADM384559",10,"Hira","Butt","Female","2015-12-01",11,"Class 6","A","AB-","Islam","Pakistani","Talha Butt",NA,NA,"+923217978421",NA,"House No. 31, Street 13, Model Town","Lahore","Punjab","54000",NA,"97%",68,48,71,NA,72,NA, 51, 63,NA,NA,NA,NA,NA,50,NA,423,700,60.43,"B","Pass","Paid",NA,NA,NA,"hira.butt90",NA,"2026-07-16T19:29:03.942Z",NA
"STD046050","ADM792793",26,"Sara","Qureshi","Female","2011-10-28",15,"Class 9","C","AB+","Islam","Pakistani","Bilal Qureshi",NA,NA,"+923217905745",NA,"House No. 2, Street 6, Johar Town","Lahore","Punjab","54000",NA,"84%",38,36,37,NA,NA,NA,NA,NA,46,46,NA,NA,NA,31,NA,234,600,39.00,"F","Fail","Paid",NA,NA,NA,"sara.qureshi26",NA,"2026-07-16T19:29:03.945Z",NA
"STD674401","ADM980006",10,"Ali","Chaudhry","Male","2012-06-24",14,"Class 9","A","A-","Islam","Pakistani","Muhammad Chaudhry",NA,NA,"+923338122237",NA,"House No. 274, Avenue 15, Bahria Town","Rawalpindi","Punjab","46000",NA,"84%",61,62,79,NA,NA,NA,NA,NA,71,56,NA,NA,NA,61,NA,390,600,65.00,"B","Pass","Paid",NA,NA,NA,"ali.chaudhry58",NA,"2026-07-16T19:29:03.945Z",NA
"STD155488","ADM799566",12,"Ahmed","Butt","Male","2014-03-15",12,"Class 7","B","AB+","Christianity","Pakistani","Hamza Butt",NA,NA,"+923018057183",NA,"House No. 484, Street 3, Sector G-11","Islamabad","Islamabad Capital Territory","44000",NA,"79%",46,59,54,NA,66,NA, 47, 71,NA,NA,NA,NA,NA,NA,77,420,700,60.00,"B","Pass","Unpaid",NA,NA,NA,"ahmed.butt69",NA,"2026-07-16T19:29:03.942Z",NA
"STD101252","ADM172288", 9,"Mariam","Ahmed","Female","2013-08-07",13,"Class 8","A","A+","Islam","Pakistani","Saad Ahmed",NA,NA,"+923016568244",NA,"House No. 318, Avenue 3, Sector G-11","Islamabad","Islamabad Capital Territory","44000",NA,"96%",81,94,87,NA,99,NA, 99,100,NA,NA,NA,NA,NA,93,NA,653,700,93.29,"A+","Pass","Paid",NA,NA,NA,"mariam.ahmed28",NA,"2026-07-16T19:29:03.944Z",NA
"STD921211","ADM760452",21,"Fatima","Chaudhry","Female","2011-12-26",15,"Class 9","C","A-","Islam","Pakistani","Usman Chaudhry",NA,NA,"+923126781265",NA,"House No. 50, Street 14, Bani Gala","Islamabad","Islamabad Capital Territory","44000",NA,"73%",48,34,42,NA,NA,NA,NA,NA,48,33,NA,NA,NA,46,NA,251,600,41.83,"D","Pass","Unpaid",NA,NA,NA,"fatima.chaudhry81",NA,"2026-07-16T19:29:03.945Z",NA
"STD450286","ADM396731",24,"Anum","Ali","Female","2012-01-02",14,"Class 8","C","AB+","Islam","Pakistani","Ali Ali",NA,NA,"+923005556267",NA,"House No. 104, Street 1, Bahria Town","Rawalpindi","Punjab","46000",NA,"77%",13,17,15,NA,14,NA, 16, 20,NA,NA,NA,NA,NA,32,NA,127,700,18.14,"F","Fail","Paid",NA,NA,NA,"anum.ali40",NA,"2026-07-16T19:29:03.944Z",NA
"STD997335","ADM471586", 4,"Fahad","Khan","Male","2011-07-07",15,"Class 10","A","O-","Islam","Pakistani","Omar Khan",NA,NA,"+923212363572",NA,"House No. 431, Street 4, Satellite Town","Rawalpindi","Punjab","46000",NA,"87%",93,87,80,NA,NA,NA,NA,NA,99,85,NA,NA,81,88,NA,613,700,87.57,"A+","Pass","Paid",NA,NA,NA,"fahad.khan64",NA,"2026-07-16T19:29:03.945Z",NA
"STD881024","ADM419560", 6,"Amna","Abbasi","Female","2014-04-13",12,"Class 7","A","O-","Islam","Pakistani","Ahmed Abbasi",NA,NA,"+923122411069",NA,"House No. 348, Lane 8, Sector I-8","Islamabad","Islamabad Capital Territory","44000",NA,"73%",54,58,49,NA,47,NA, 48, 57,NA,NA,NA,NA,NA,74,NA,387,700,55.29,"C","Pass","Paid",NA,NA,NA,"amna.abbasi91",NA,"2026-07-16T19:29:03.942Z",NA
"STD586545","ADM020344",23,"Zain","Malik","Male","2012-03-10",14,"Class 9","C","AB+","Islam","Pakistani","Talha Malik",NA,NA,"+923018850282",NA,"House No. 470, Road 10, Sector I-8","Islamabad","Islamabad Capital Territory","44000",NA,"71%",43,39,41,NA,NA,NA,NA,NA,42,42,NA,NA,NA,40,NA,247,600,41.17,"D","Pass","Paid",NA,NA,NA,"zain.malik49",NA,"2026-07-16T19:29:03.945Z",NA
"STD501944","ADM289637",28,"Anum","Ahmed","Female","2011-05-28",15,"Class 10","C","O+","Islam","Pakistani","Muhammad Ahmed",NA,NA,"+923024240428",NA,"House No. 57, Lane 15, Sector F-10","Islamabad","Islamabad Capital Territory","44000",NA,"92%",39,41,47,NA,NA,NA,NA,NA,41,46,NA,NA,36,46,NA,296,700,42.29,"D","Pass","Paid",NA,NA,NA,"anum.ahmed80",NA,"2026-07-16T19:29:03.945Z",NA
"STD561665","ADM211730", 1,"Hira","Qureshi","Female","2011-05-28",15,"Class 10","A","O+","Hinduism","Pakistani","Usman Qureshi",NA,NA,"+923006903089",NA,"House No. 84, Road 1, Sector G-11","Islamabad","Islamabad Capital Territory","44000",NA,"14%",A,A,A,NA,NA,NA,NA,NA,A,A,NA,NA,A,NA,A,  0,700, 0.00,"N/A","Absent","Paid",NA,NA,NA,"hira.qureshi48",NA,"2026-07-16T19:29:03.945Z",NA
"STD418938","ADM696615",15,"Omar","Mughal","Male","2011-03-16",15,"Class 9","B","AB-","Hinduism","Pakistani","Arsalan Mughal",NA,NA,"+923337534849",NA,"House No. 210, Road 1, Johar Town","Lahore","Punjab","54000",NA,"81%",36,42,40,NA,NA,NA,NA,NA,37,48,NA,NA,NA,NA,41,244,600,40.67,"D","Pass","Paid",NA,NA,NA,"omar.mughal71",NA,"2026-07-16T19:29:03.945Z",NA
"STD246828","ADM573678",22,"Saba","Abbasi","Female","2011-11-22",15,"Class 9","C","AB-","Islam","Pakistani","Abdullah Abbasi",NA,NA,"+923217805207",NA,"House No. 442, Avenue 13, Saddar","Rawalpindi","Punjab","46000",NA,"94%",45,48,47,NA,NA,NA,NA,NA,40,34,NA,NA,NA,45,NA,259,600,43.17,"D","Pass","Paid",NA,NA,NA,"saba.abbasi49",NA,"2026-07-16T19:29:03.945Z",NA
"STD990497","ADM507207",25,"Ali","Butt","Male","2013-03-21",13,"Class 7","C","O+","Islam","Pakistani","Ahmed Butt",NA,NA,"+923124589046",NA,"House No. 128, Street 15, Bani Gala","Islamabad","Islamabad Capital Territory","44000",NA,"74%",41,48,36,NA,31,NA, 33, 40,NA,NA,NA,NA,NA,34,NA,263,700,37.57,"F","Fail","Unpaid",NA,NA,NA,"ali.butt81",NA,"2026-07-16T19:29:03.944Z",NA
"STD337164","ADM689136", 6,"Talha","Siddiqui","Male","2010-11-22",16,"Class 10","A","O+","Islam","Pakistani","Ahmed Siddiqui",NA,NA,"+923028954899",NA,"House No. 11, Street 6, DHA Phase 5","Lahore","Punjab","54000",NA,"89%",39,32,43,NA,NA,NA,NA,NA,42,38,NA,NA,35,32,NA,261,700,37.29,"F","Fail","Unpaid",NA,NA,NA,"talha.siddiqui50",NA,"2026-07-16T19:29:03.945Z",NA
"STD639248","ADM399570",21,"Sara","Qureshi","Female","2012-11-19",14,"Class 8","C","A-","Islam","Pakistani","Fahad Qureshi",NA,NA,"+923025243245",NA,"House No. 326, Road 2, Saddar","Rawalpindi","Punjab","46000",NA,"100%",56,68,79,NA,54,NA, 65, 51,NA,NA,NA,NA,NA,79,NA,452,700,64.57,"B","Pass","Paid",NA,NA,NA,"sara.qureshi14",NA,"2026-07-16T19:29:03.944Z",NA
"STD965359","ADM899568",25,"Sidra","Butt","Female","2011-01-17",15,"Class 10","C","A-","Hinduism","Pakistani","Ali Butt",NA,NA,"+923334103085",NA,"House No. 210, Street 8, Johar Town","Lahore","Punjab","54000",NA,"67%",69,74,47,NA,NA,NA,NA,NA,50,78,NA,NA,79,NA,71,468,700,66.86,"B","Pass","Paid",NA,NA,NA,"sidra.butt94",NA,"2026-07-16T19:29:03.945Z",NA
"STD328766","ADM437099",29,"Zain","Chaudhry","Male","2013-11-21",13,"Class 7","C","AB-","Islam","Pakistani","Mustafa Chaudhry",NA,NA,"+923331330128",NA,"House No. 123, Street 10, Saddar","Rawalpindi","Punjab","46000",NA,"97%",89,97,84,NA,94,NA, 82, 94,NA,NA,NA,NA,NA,80,NA,620,700,88.57,"A+","Pass","Paid",NA,NA,NA,"zain.chaudhry76",NA,"2026-07-16T19:29:03.944Z",NA
"STD446540","ADM712120",16,"Mahnoor","Shah","Female","2015-02-23",11,"Class 5","B","A+","Islam","Pakistani","Ahmed Shah",NA,NA,"+923457569069",NA,"House No. 461, Road 14, Satellite Town","Rawalpindi","Punjab","46000",NA,"69%",59,79,53,NA,74,46,NA,NA,NA,NA,NA,NA,NA,51,NA,362,600,60.33,"B","Pass","Unpaid",NA,NA,NA,"mahnoor.shah62",NA,"2026-07-16T19:29:03.941Z",NA
"STD552239","ADM744095", 5,"Mustafa","Butt","Male","2015-07-08",11,"Class 5","A","A-","Hinduism","Pakistani","Saad Butt",NA,NA,"+923028840099",NA,"House No. 247, Street 8, Chaklala Scheme III","Rawalpindi","Punjab","46000",NA,"73%",63,46,70,NA,47,61,NA,NA,NA,NA,NA,NA,NA,NA,73,360,600,60.00,"B","Pass","Unpaid",NA,NA,NA,"mustafa.butt92",NA,"2026-07-16T19:29:03.941Z",NA
"STD090110","ADM448733", 6,"Abdullah","Chaudhry","Male","2016-11-16",10,"Class 5","A","A-","Islam","Pakistani","Ali Chaudhry",NA,NA,"+923211767694",NA,"House No. 120, Avenue 9, Bani Gala","Islamabad","Islamabad Capital Territory","44000",NA,"75%",51,74,48,NA,78,67,NA,NA,NA,NA,NA,NA,NA,48,NA,366,600,61.00,"B","Pass","Paid",NA,NA,NA,"abdullah.chaudhry91",NA,"2026-07-16T19:29:03.941Z",NA
"STD303021","ADM507275", 2,"Fahad","Malik","Male","2015-06-16",11,"Class 6","A","B+","Islam","Pakistani","Ahmed Malik",NA,NA,"+923123747367",NA,"House No. 250, Road 9, Johar Town","Lahore","Punjab","54000",NA,"83%",45,73,61,NA,77,NA, 63, 65,NA,NA,NA,NA,NA,68,NA,452,700,64.57,"B","Pass","Unpaid",NA,NA,NA,"fahad.malik34",NA,"2026-07-16T19:29:03.942Z",NA
"STD989321","ADM262823",27,"Hamza","Butt","Male","2016-01-14",10,"Class 5","C","B+","Islam","Pakistani","Usman Butt",NA,NA,"+923019666607",NA,"House No. 465, Road 12, Bahria Town","Rawalpindi","Punjab","46000",NA,"74%",66,73,62,NA,55,52,NA,NA,NA,NA,NA,NA,NA,62,NA,370,600,61.67,"B","Pass","Paid",NA,NA,NA,"hamza.butt53",NA,"2026-07-16T19:29:03.942Z",NA
"STD885303","ADM633474",21,"Fatima","Malik","Female","2016-02-07",10,"Class 5","C","O-","Hinduism","Pakistani","Abdullah Malik",NA,NA,"+923219653560",NA,"House No. 1, Street 5, Saddar","Rawalpindi","Punjab","46000",NA,"86%",52,65,54,NA,79,70,NA,NA,NA,NA,NA,NA,NA,NA,69,389,600,64.83,"B","Pass","Paid",NA,NA,NA,"fatima.malik57",NA,"2026-07-16T19:29:03.941Z",NA
"STD045088","ADM193035", 9,"Mahnoor","Shah","Female","2016-04-10",10,"Class 5","A","O-","Christianity","Pakistani","Arsalan Shah",NA,NA,"+923012575893",NA,"House No. 276, Road 11, Gulshan-e-Iqbal","Karachi","Sindh","74200",NA,"71%",31,19,14,NA,12,22,NA,NA,NA,NA,NA,NA,NA,NA,19,117,600,19.50,"F","Fail","Paid",NA,NA,NA,"mahnoor.shah55",NA,"2026-07-16T19:29:03.941Z",NA
"STD532412","ADM236710", 9,"Muhammad","Abbasi","Male","2011-12-04",15,"Class 9","A","A+","Islam","Pakistani","Talha Abbasi",NA,NA,"+923213855994",NA,"House No. 23, Street 3, Bani Gala","Islamabad","Islamabad Capital Territory","44000",NA,"31%",A,A,A,NA,NA,NA,NA,NA,A,A,NA,NA,NA,A,NA,  0,600, 0.00,"N/A","Absent","Paid",NA,NA,NA,"muhammad.abbasi45",NA,"2026-07-16T19:29:03.945Z",NA
"STD251125","ADM047902",30,"Usman","Mughal","Male","2013-10-07",13,"Class 7","C","O-","Islam","Pakistani","Zain Mughal",NA,NA,"+923217199497",NA,"House No. 319, Street 15, Saddar","Rawalpindi","Punjab","46000",NA,"100%",62,73,61,NA,57,NA, 48, 57,NA,NA,NA,NA,NA,67,NA,425,700,60.71,"B","Pass","Paid",NA,NA,NA,"usman.mughal89",NA,"2026-07-16T19:29:03.944Z",NA
"STD566285","ADM610232", 8,"Sana","Siddiqui","Female","2015-04-10",11,"Class 5","A","A-","Islam","Pakistani","Muhammad Siddiqui",NA,NA,"+923338863206",NA,"House No. 63, Street 15, Gulberg","Lahore","Punjab","54000",NA,"83%",43,34,36,NA,43,30,NA,NA,NA,NA,NA,NA,NA,37,NA,223,600,37.17,"F","Fail","Paid",NA,NA,NA,"sana.siddiqui82",NA,"2026-07-16T19:29:03.941Z",NA
